"Timestamp","Vous intéressez-vous aux jeux vidéos ?","Jouez-vous aux jeux vidéos ?","Quel âge avez-vous ?","Quel est votre sexe ?","Combien de temps avez-vous étudié la biologie ?","Vous intéressez-vous à la biologie ?","Avant de jouer à Hero.Coli, aviez-vous déjà entendu parler de la biologie de synthèse ?","Avant de jouer à Hero.Coli, aviez-vous déjà entendu parler des BioBriques ?","Aviez-vous déjà joué à une ancienne version d'Hero.Coli auparavant ?","Avez-vous joué à la version actuelle d'Hero.Coli ?","Avez-vous joué à la version borne d'arcade d'Hero.Coli ?","Avez-vous joué à la version Android d'Hero.Coli ?","Pour modifier les capacités de la bactérie il faut...","Que sont les BioBriques et les constructions ?","Trouvez le nom de cette BioBrique :","Trouvez le nom de cette BioBrique :","Trouvez le nom de cette BioBrique :","Trouvez le nom de cette BioBrique :","Que fait cette brique ?","Que fait cette brique ?","Que fait cette brique ?","Que fait cette brique ?","Dans quel cas les BioBriques sont-elles dans le bon ordre ?","Quand la fluorescence verte se produit-elle ?","Que se passe-t-il quand on enlève la construction génétique de déplacement ?","Qu'est-ce que c'est ?","Que fait cette construction ?","Que fait cette construction ?","Que fait cette construction ?","Que fait cette construction ?","Que fait cette construction ?","Que fait cette construction ?","Que fait cette construction ?","Que fait cette construction ?","Imaginez : que ferait une construction produisant de la l-arabinose, débutant par un promoteur induit à la l-arabinose ?","Imaginez : la bactérie deviendrait jaune fluorescent...","Quelle est l'espèce de la bactérie du jeu ?","Quel est le nom scientifique des queues des bactéries ?","Trouvez l'antibiotique dans la liste :","Mettez ici vos remarques puis validez.","Ne pas modifier - identifiant anonyme prérempli"
"2017/05/13 8:51:52 AM GMT+1","Beaucoup","Moyennement","13","Homme","Jamais","Beaucoup","Non","","Non","","","","Modifier l'ADN de la bactérie","Des séquences d'ADN","Terminateur","Prémoteur","Séquence Codante","RBS","","","","","Option 3","Sous lumière bleue, quand la construction GFP est équipée","Les flagelles disparaissent l'un après l'autre, rapidement","Un promoteur induit, qui ne fonctionne que dans l'arabinose","Elle permet de se déplacer plus vite","Elle produit la fluorescence verte","Je ne sais pas","Elle permet de se déplacer plus vite","Elle produit la fluorescence verte en présence de l-arabinose","Elle permet de se déplacer plus vite","Elle permet de résister aux antibiotiques","Elle produit la fluorescence verte","Je ne sais pas","Si elle produit de la BFP sous lumière violette","Cellia","Des flagelles","Arabinose","","a4d4b030-9117-4331-ba48-90dc05a7e65a"
"2017/05/13 3:03:03 PM GMT+1","Moyennement","Beaucoup","13","Homme","Jamais","Un peu","Non","","Non","","","","Injecter des molécules","Des séquences d'ADN","Terminateur","Promoteur","Séquence Codante","RBS","","","","","Option 3","Sous lumière bleue, quand la construction GFP est équipée","La bactérie devient lumineuse","Un plasmide - un moyen d'équiper une construction supplémentaire","Je ne sais pas","Je ne sais pas","Elle permet de résister aux antibiotiques","Je ne sais pas","Je ne sais pas","Elle permet de se déplacer plus vite","Elle permet de résister aux antibiotiques","Je ne sais pas","Je ne sais pas","Je ne sais pas","Cellia","Des flagelles","Ampicilline","Le jeux est sympa et le concept est bon malgré les quelques bugs","d6826fd9-a6fc-4046-b974-68e50576183f"
"2017/05/13 4:06:06 PM GMT+1","Moyennement","Un peu","22","Homme","Jusqu'au bac","Un peu","Oui","","Non","","","","Modifier l'ADN de la bactérie","Des séquences d'ADN","Terminateur","Promoteur","Séquence Codante","RBS","","","","","Option 3","Sous lumière bleue, quand la construction GFP est équipée","Les flagelles disparaissent l'un après l'autre, rapidement","Un plasmide - un moyen d'équiper une construction supplémentaire","Elle produit la fluorescence verte","Elle permet de se déplacer plus vite","Elle permet de résister aux antibiotiques","Elle produit la fluorescence verte en présence de l-arabinose","Elle produit la fluorescence verte","Elle permet de se déplacer plus vite","Elle permet de résister aux antibiotiques","Elle produit la fluorescence verte en présence de l-arabinose","Je ne sais pas","Je ne sais pas","Je ne sais pas","Des flagelles","Ampicilline","","a4d4b030-9117-4331-ba48-90dc05a7e65a"
"2017/06/09 5:54:51 PM GMT+1","Je ne sais pas","Beaucoup","8 ","Je ne souhaite pas le préciser","Jamais","Pas du tout","Non","","Non","Non","","","","","","","","","","","","","","","","","","","","","","","","","","","","","","","deb089c0-9be3-4b75-9b27-28963c77b10c"
"2017/06/09 6:17:53 PM GMT+1","Moyennement","Moyennement","53","Femme","Jusqu'au bac","Moyennement","Oui","","Non","Oui","","","Modifier l'ADN de la bactérie","Je ne sais pas","Je ne sais pas","Je ne sais pas","Ribosome","RBS","","","","","Option 3","Je ne sais pas","Les flagelles disparaissent l'un après l'autre, rapidement","Je ne sais pas","Je ne sais pas","Elle permet de se déplacer plus vite","Je ne sais pas","Je ne sais pas","Je ne sais pas","Je ne sais pas","","Je ne sais pas","Je ne sais pas","Je ne sais pas","E. Coli","Des flagelles","Je ne sais pas","","75e264d6-af94-4975-bb18-50cac09894c4"
"2017/06/13 8:17:20 PM GMT+1","Beaucoup","Beaucoup","21","Homme","Jusqu'au bac","Moyennement","Je ne sais pas","","Non","Oui","","","Modifier l'ADN de la bactérie","Des séquences d'ADN","Transposeur","Promoteur","Je ne sais pas","RBS","","","","","Option 3","Sous lumière bleue, quand la construction GFP est équipée","Les flagelles disparaissent l'un après l'autre, rapidement","Je ne sais pas","Elle produit la fluorescence verte en présence de l-arabinose","Je ne sais pas","Je ne sais pas","Je ne sais pas","Elle produit la fluorescence verte en présence de l-arabinose","Elle permet de se déplacer plus vite","Elle permet de résister aux antibiotiques","Elle produit la fluorescence verte","Je ne sais pas","Je ne sais pas","E. Coli","Des flagelles","Ampicilline","Super jeu, il paraît parfait pour découvrir ce domaine, dommage que le gameplay soit si pesant, il complique l'aventure et empêche quelque peu la progression. Cela explique bon nombre de ""je ne sais pas"" que j'ai renseignés dans le formulaire, j'ai en quelque sorte abandonné au chapitre deux, à force d'être éradiqué par l'antibiotique. Bonne continuation pour votre projet, j'espère que mes réponses vous aideront et vous encourageront à poursuivre sur cette voie !

ps : la musique est ravisante, quoi qu'un peu entêtante à force de ""rebouclage"" ;)","3d733347-0313-441a-b77c-3e4046042a53"
"2017/09/14 5:05:51 PM GMT+1","Je ne sais pas","Je ne sais pas","0","Autre","Je ne sais pas","Je ne sais pas","Non","","Je ne sais pas","Oui","","","Modifier l'ADN de la bactérie","Des séquences d'ADN","Terminateur","Promoteur","Séquence Codante","RBS","","","","","Option 3","Sous lumière bleue, quand la construction GFP est équipée","Les flagelles disparaissent l'un après l'autre, rapidement","Un plasmide - un moyen d'équiper une construction supplémentaire","Elle produit la fluorescence verte","Elle permet de se déplacer plus vite","Elle permet de résister aux antibiotiques","Elle produit la fluorescence verte en présence de l-arabinose","Elle produit la fluorescence verte","Elle permet de se déplacer plus vite","Elle permet de résister aux antibiotiques","Elle produit la fluorescence verte en présence de l-arabinose","A partir du moment où elle serait induite, elle produirait de plus en plus de l-arabinose puisqu'elle s'induirait elle-même","Si elle produit de la YFP sous lumière cyan","E. Coli","Des flagelles","Ampicilline","","97cdfb48-40e8-498e-afde-98f7290679f9"
"2017/10/12 2:05:21 PM GMT+1","Moyennement","Pas du tout","19","Femme","Jusqu'à la license","Enormément","Je ne sais pas","","Non","De nombreuses fois","","","Modifier l'ADN de la bactérie","Des gènes","Je ne sais pas","Je ne sais pas","Je ne sais pas","Je ne sais pas","Je ne sais pas","Je ne sais pas","Elle contrôle quelle capacité est affectée, en codant quelle protéine est produite par la contruction","Elle contrôle quand la construction est active","Je ne sais pas","Sous lumière bleue, quand la construction GFP est équipée","Je ne sais pas","Un plasmide - un moyen d'équiper une construction supplémentaire","Elle produit la fluorescence verte","Je ne sais pas","Elle permet de résister aux antibiotiques","Je ne sais pas","Elle produit la fluorescence verte","Elle permet de se déplacer plus vite","Elle permet de résister aux antibiotiques","Elle produit la fluorescence verte en présence de l-arabinose","A partir du moment où elle serait induite, elle produirait de plus en plus de l-arabinose puisqu'elle s'induirait elle-même","Si elle produisait de la YFP sous lumière cyan","E. Coli","Des flagelles","Ampicilline","","01e85778-2903-447b-bbab-dd750564ee2d"
"2017/10/12 3:15:02 PM GMT+1","Moyennement","Un peu","19 ","Femme","Jusqu'à la license","Enormément","Oui","Non","Non","Quelques fois","","","Modifier l'ADN de la bactérie","Des séquences d'ADN","Terminateur","Promoteur","Séquence Codante","RBS","Elle indique la fin de la construction","Elle contrôle quand la construction est active","Elle contrôle quelle protéine est produite, et donc quelle capacité est affectée","Elle contrôle le niveau d'expression, et donc à quel point la capacité est affectée","Option 3","Sous lumière bleue, quand la construction GFP est équipée","Rien","Un plasmide - un moyen d'équiper une construction supplémentaire","Elle produit la fluorescence verte","Elle permet de se déplacer plus vite","Elle permet de résister aux antibiotiques","Elle produit la fluorescence verte en présence de l-arabinose","Elle produit la fluorescence verte","Elle permet de se déplacer plus vite","Elle permet de résister aux antibiotiques","Elle produit la fluorescence verte en présence de l-arabinose","A partir du moment où elle serait induite, elle produirait de plus en plus de l-arabinose puisqu'elle s'induirait elle-même","Si elle produisait de la YFP sous lumière cyan","E. Coli","Des flagelles","Ampicilline","les flèches !!! sous linux ","01e85778-2903-447b-bbab-dd750564ee2d"
"2017/10/16 12:48:03 PM GMT+1","Moyennement","Moyennement","18","Homme","Jusqu'à la license","Enormément","Oui","Je ne sais pas","Non","Non","Non","Non","Modifier l'ADN de la bactérie","Des acides aminés","Terminateur","Promoteur","Ribosome","Je ne sais pas","Je ne sais pas","Elle contrôle le niveau d'expression, et donc à quel point la capacité est affectée","Je ne sais pas","Je ne sais pas","Option 2","Je ne sais pas","Je ne sais pas","Je ne sais pas","Je ne sais pas","Je ne sais pas","Je ne sais pas","Je ne sais pas","Je ne sais pas","Je ne sais pas","Je ne sais pas","Je ne sais pas","Je ne sais pas","Je ne sais pas","E. Coli","Je ne sais pas","Ampicilline","","7c8320de-0489-4092-be86-d323064c3dd9"
"2017/10/16 12:48:39 PM GMT+1","Moyennement","Un peu","18","Femme","Jusqu'à la license","Beaucoup","Oui","Je ne sais pas","Non","Non","Non","","Je ne sais pas","Je ne sais pas","Transcripteur","Je ne sais pas","Je ne sais pas","ATP","Je ne sais pas","Je ne sais pas","Je ne sais pas","Elle contrôle le niveau d'expression, et donc à quel point la capacité est affectée","Je ne sais pas","Devant les portes, quand la construction GFP est équipée","Les flagelles disparaissent l'un après l'autre, rapidement","Je ne sais pas","Elle produit la fluorescence verte","Elle permet de se déplacer plus vite","Elle produit la fluorescence verte en présence de l-arabinose","Elle produit la fluorescence verte","Elle produit la fluorescence verte","Elle permet de se déplacer plus vite","Elle permet de résister aux antibiotiques","Elle produit la fluorescence verte en présence de l-arabinose","A partir du moment où elle serait induite, elle produirait de plus en plus de l-arabinose puisqu'elle s'induirait elle-même","Si elle produisait de la RFP sous lumière jaune","E. Coli","Des flagelles","Ampicilline","Il me manque des connaissances","e87957e0-2aa7-48b9-9ee8-86e25e45a8ab"
"2017/10/16 12:48:56 PM GMT+1","Beaucoup","Beaucoup","18","Femme","Jusqu'à la license","Beaucoup","Oui","Non","Non","Non","Non","Non","Je ne sais pas","Je ne sais pas","Je ne sais pas","Je ne sais pas","Je ne sais pas","Je ne sais pas","Je ne sais pas","Je ne sais pas","Je ne sais pas","Je ne sais pas","Je ne sais pas","Je ne sais pas","Je ne sais pas","Je ne sais pas","Je ne sais pas","Je ne sais pas","Je ne sais pas","Je ne sais pas","Je ne sais pas","Je ne sais pas","Je ne sais pas","Je ne sais pas","Je ne sais pas","Je ne sais pas","Je ne sais pas","Je ne sais pas","Je ne sais pas","","87df544d-a2c8-4fd8-9d4d-cffd0b8eee5a"
"2017/10/16 12:50:18 PM GMT+1","Moyennement","Un peu","17","Homme","Jusqu'au bac","Enormément","Oui","Je ne sais pas","Non","Non","Non","Non","Modifier l'ADN de la bactérie","Je ne sais pas","Je ne sais pas","Je ne sais pas","Je ne sais pas","Je ne sais pas","Je ne sais pas","Je ne sais pas","Je ne sais pas","Je ne sais pas","Je ne sais pas","Je ne sais pas","Je ne sais pas","Je ne sais pas","Je ne sais pas","Je ne sais pas","Je ne sais pas","Je ne sais pas","Je ne sais pas","Je ne sais pas","Je ne sais pas","Je ne sais pas","Je ne sais pas","Je ne sais pas","E. Coli","Je ne sais pas","Je ne sais pas","","9385861a-b7bf-48cc-aa47-9aec96c016e7"
"2017/10/16 12:53:58 PM GMT+1","Enormément","Enormément","19","Homme","Jusqu'à la license","Enormément","Oui","Oui","Non","Non","Non","Non","Modifier l'ADN de la bactérie","Des séquences d'ADN","Je ne sais pas","Je ne sais pas","Je ne sais pas","Je ne sais pas","Je ne sais pas","Je ne sais pas","Je ne sais pas","Je ne sais pas","Je ne sais pas","Sous lumière bleue, tout le temps","Je ne sais pas","Je ne sais pas","Elle produit la fluorescence verte","Je ne sais pas","Elle permet de résister aux antibiotiques","Elle produit la fluorescence verte en présence de l-arabinose","Elle produit la fluorescence verte","Elle permet de se déplacer plus vite","Elle permet de résister aux antibiotiques","Elle produit la fluorescence verte en présence de l-arabinose","Je ne sais pas","Si elle produisait de la BFP sous lumière violette","E. Coli","Des flagelles","Ampicilline","","58d22690-8604-41cf-a5b7-d71fb3b9ad5b"
"2017/10/16 12:56:24 PM GMT+1","Moyennement","Pas du tout","18","Homme","Jusqu'au bac","Enormément","Oui","Oui","Non","Non","Non","Non","Modifier l'ADN de la bactérie","Des séquences d'ADN","Je ne sais pas","Je ne sais pas","Je ne sais pas","Je ne sais pas","Je ne sais pas","Je ne sais pas","Je ne sais pas","Je ne sais pas","Je ne sais pas","Je ne sais pas","Je ne sais pas","Un plasmide - un moyen d'équiper une construction supplémentaire","Elle produit la fluorescence verte","Je ne sais pas","Je ne sais pas","Elle produit la fluorescence verte en présence de l-arabinose","Elle produit la fluorescence verte","Elle permet de se déplacer plus vite","Elle permet de résister aux antibiotiques","Elle produit la fluorescence verte en présence de l-arabinose","Elle ne serait active que dans les nuages de l-arabinose","Si elle produisait de la YFP sous lumière cyan","E. Coli","Des flagelles","Ampicilline","","dd0597c2-a245-4752-8637-d78c50e49a68"
"2017/10/16 12:58:10 PM GMT+1","Moyennement","Moyennement","19","","Jusqu'au bac","Enormément","Oui","Non","Non","Non","Non","Non","Modifier l'ADN de la bactérie","Des acides aminés","Je ne sais pas","Promoteur","Séquence Codante","Je ne sais pas","Elle indique la fin de la construction","Elle contrôle quand la construction est active","Elle contrôle quand la construction est active","Je ne sais pas","Option 2","Sous lumière bleue, quand la construction GFP est équipée","Je ne sais pas","Je ne sais pas","Elle produit la fluorescence verte","Je ne sais pas","Je ne sais pas","Elle produit la fluorescence verte en présence de l-arabinose","Elle produit la fluorescence verte","Elle permet de se déplacer plus vite","Elle permet de résister aux antibiotiques","Elle produit la fluorescence verte en présence de l-arabinose","Elle ne serait active que dans les nuages de l-arabinose","Si elle produisait de la BFP sous lumière violette","E. Coli","Des flagelles","Ampicilline","","24d954e3-23d4-4368-9b10-a1462d2c50d0"
"2017/10/16 1:04:50 PM GMT+1","Moyennement","Un peu","18","Homme","Jusqu'à la license","Beaucoup","Oui","Je ne sais pas","Non","Non","Non","Non","Je ne sais pas","Je ne sais pas","Je ne sais pas","Je ne sais pas","Je ne sais pas","Je ne sais pas","Je ne sais pas","Je ne sais pas","Elle indique la fin de la construction","Je ne sais pas","Option 3","Sous lumière bleue, tout le temps","Les flagelles disparaissent l'un après l'autre, rapidement","Je ne sais pas","Elle produit la fluorescence verte","Je ne sais pas","Elle permet de résister aux antibiotiques","Elle produit la fluorescence verte en présence de l-arabinose","Elle produit la fluorescence verte","Elle permet de se déplacer plus vite","Elle permet de résister aux antibiotiques","Elle produit la fluorescence verte en présence de l-arabinose","Elle produirait en permanence de la l-arabinose","Je ne sais pas","Hero.Coli","Des flagelles","Ampicilline","En avancent dans le questionnaire, on parvient à comprendre légèrement le jeu.","cad582e3-1868-4c8f-a932-74d7498c9934"
"2017/10/16 1:09:53 PM GMT+1","Un peu","Un peu","18","Femme","Jusqu'à la license","Enormément","Oui","Non","Non","Non","Non","Non","Modifier l'ADN de la bactérie","Je ne sais pas","Je ne sais pas","Je ne sais pas","Je ne sais pas","Je ne sais pas","Je ne sais pas","Je ne sais pas","Je ne sais pas","Je ne sais pas","Je ne sais pas","Je ne sais pas","Je ne sais pas","Je ne sais pas","Je ne sais pas","Je ne sais pas","Je ne sais pas","Je ne sais pas","Je ne sais pas","Je ne sais pas","Je ne sais pas","Je ne sais pas","Je ne sais pas","Je ne sais pas","Hero.Coli","Des flagelles","Ampicilline","","c67ab381-44e8-4699-b953-6c81a54a0513"
"2017/10/16 1:10:58 PM GMT+1","Moyennement","Moyennement","17","Femme","Jusqu'à la license","Enormément","Oui","Oui","Je ne sais pas","Une fois","Non","Non","Modifier l'ADN de la bactérie","Des séquences d'ARN","Je ne sais pas","Je ne sais pas","Je ne sais pas","Je ne sais pas","Je ne sais pas","Je ne sais pas","Je ne sais pas","Je ne sais pas","Je ne sais pas","Je ne sais pas","Je ne sais pas","Je ne sais pas","Elle produit la fluorescence verte","Je ne sais pas","Je ne sais pas","Elle produit la fluorescence verte","Elle produit la fluorescence verte","Elle permet de se déplacer plus vite","Elle permet de résister aux antibiotiques","Elle produit la fluorescence verte en présence de l-arabinose","Je ne sais pas","Je ne sais pas","Hero.Coli","Des flagelles","Ampicilline","","a9f9efd2-b6bf-4bda-97d1-3620800bd62f"
"2017/10/16 1:12:15 PM GMT+1","Beaucoup","Beaucoup","17","Femme","Jusqu'à la license","Beaucoup","Oui","Non","Non","Une fois","Non","Non","Modifier l'ADN de la bactérie","Des séquences d'ADN","Terminateur","Promoteur","Séquence Codante","RBS","Elle indique la fin de la construction","Elle contrôle quand la construction est active","Elle contrôle quelle protéine est produite, et donc quelle capacité est affectée","Elle contrôle le niveau d'expression, et donc à quel point la capacité est affectée","Option 3","Sous lumière bleue, quand la construction GFP est équipée","Les flagelles disparaissent l'un après l'autre, rapidement","Un plasmide - un moyen d'équiper une construction supplémentaire","Elle produit la fluorescence verte","Elle permet de se déplacer plus vite","Elle permet de résister aux antibiotiques","Elle produit la fluorescence verte en présence de l-arabinose","Elle produit la fluorescence verte","Elle permet de se déplacer plus vite","Elle permet de résister aux antibiotiques","Elle produit la fluorescence verte en présence de l-arabinose","","Si elle produisait de la YFP sous lumière cyan","E. Coli","Des flagelles","Ampicilline","","5e8dd563-9049-4da4-ab54-42e472ba6f41"
"2017/10/16 1:40:40 PM GMT+1","Moyennement","Pas du tout","18","Homme","Jusqu'au bac","Enormément","Oui","Oui","Non","Une fois","Non","Non","Modifier l'ADN de la bactérie","Des séquences d'ADN","Terminateur","Promoteur","Séquence Codante","RBS","Elle indique la fin de la construction","Elle contrôle quand la construction est active","Elle contrôle quelle protéine est produite, et donc quelle capacité est affectée","Elle contrôle le niveau d'expression, et donc à quel point la capacité est affectée","Option 3","Sous lumière bleue, quand la construction GFP est équipée","Les flagelles disparaissent l'un après l'autre, rapidement","Un plasmide - un moyen d'équiper une construction supplémentaire","Elle produit la fluorescence verte","Elle permet de se déplacer plus vite","Elle permet de résister aux antibiotiques","Elle produit la fluorescence verte en présence de l-arabinose","Elle produit la fluorescence verte","Elle permet de se déplacer plus vite","Elle permet de résister aux antibiotiques","Elle produit la fluorescence verte en présence de l-arabinose","A partir du moment où elle serait induite, elle produirait de plus en plus de l-arabinose puisqu'elle s'induirait elle-même","Si elle produisait de la YFP sous lumière cyan","E. Coli","Des flagelles","Ampicilline","trop bien!","dd0597c2-a245-4752-8637-d78c50e49a68"
"2017/10/16 1:45:58 PM GMT+1","Enormément","Enormément","19","Homme","Jusqu'à la license","Enormément","Oui","Oui","Non","Une fois","Non","Non","Modifier l'ADN de la bactérie","Des séquences d'ADN","Terminateur","Promoteur","Séquence Codante","ATP","Elle indique la fin de la construction","Elle contrôle quand la construction est active","Elle contrôle quelle protéine est produite, et donc quelle capacité est affectée","Elle contrôle le niveau d'expression, et donc à quel point la capacité est affectée","Option 3","Sous lumière bleue, quand la construction GFP est équipée","Les flagelles disparaissent l'un après l'autre, rapidement","Un plasmide - un moyen d'équiper une construction supplémentaire","Elle produit la fluorescence verte","Elle permet de se déplacer plus vite","Elle permet de résister aux antibiotiques","Elle produit la fluorescence verte en présence de l-arabinose","Elle produit la fluorescence verte","Elle permet de se déplacer plus vite","Elle permet de résister aux antibiotiques","Elle produit la fluorescence verte en présence de l-arabinose","A partir du moment où elle serait induite, elle produirait de plus en plus de l-arabinose puisqu'elle s'induirait elle-même","Si elle produisait de la YFP sous lumière cyan","E. Coli","Des flagelles","Ampicilline","il faut un tableau des high score et des meilleurs temps ! beau boulot","58d22690-8604-41cf-a5b7-d71fb3b9ad5b"
"2017/10/16 1:55:20 PM GMT+1","Moyennement","Moyennement","19","Femme","Jusqu'au bac","Enormément","Oui","Oui","Non","Une fois","Non","Non","Modifier l'ADN de la bactérie","Des séquences d'ADN","Terminateur","Promoteur","Séquence Codante","ATP","Elle indique la fin de la construction","Elle contrôle quand la construction est active","Elle contrôle quelle protéine est produite, et donc quelle capacité est affectée","Elle contrôle le niveau d'expression, et donc à quel point la capacité est affectée","Option 3","Sous lumière bleue, quand la construction GFP est équipée","Les flagelles disparaissent l'un après l'autre, rapidement","Un plasmide - un moyen d'équiper une construction supplémentaire","Elle produit la fluorescence verte","Elle permet de se déplacer plus vite","Elle permet de résister aux antibiotiques","Elle produit la fluorescence verte en présence de l-arabinose","Elle produit la fluorescence verte","Elle permet de se déplacer plus vite","Elle permet de résister aux antibiotiques","Elle produit la fluorescence verte en présence de l-arabinose","Elle ne serait active que dans les nuages de l-arabinose","Si elle produisait de la BFP sous lumière violette","E. Coli","Des flagelles","Ampicilline","","24d954e3-23d4-4368-9b10-a1462d2c50d0"
"2017/10/16 1:57:32 PM GMT+1","Enormément","Enormément","18","Homme","Jusqu'au bac","Beaucoup","Oui","Oui","Non","Une fois","Non","Non","Modifier l'ADN de la bactérie","Des séquences d'ADN","Terminateur","Promoteur","Séquence Codante","RBS","Elle indique la fin de la construction","Elle contrôle quand la construction est active","Elle contrôle quelle protéine est produite, et donc quelle capacité est affectée","Elle contrôle le niveau d'expression, et donc à quel point la capacité est affectée","Option 3","Sous lumière bleue, quand la construction GFP est équipée","Les flagelles disparaissent l'un après l'autre, rapidement","Un plasmide - un moyen d'équiper une construction supplémentaire","Elle produit la fluorescence verte","Elle permet de se déplacer plus vite","Elle permet de résister aux antibiotiques","Elle produit la fluorescence verte en présence de l-arabinose","Elle produit la fluorescence verte","Elle permet de se déplacer plus vite","Elle permet de résister aux antibiotiques","Elle produit la fluorescence verte en présence de l-arabinose","Elle produirait en permanence de la l-arabinose","Si elle produisait de la YFP sous lumière cyan","E. Coli","Des flagelles","Ampicilline","Jeu réellement intéressant","97f6ae4f-e2a6-4721-8936-f759c8867f6a"
"2017/10/16 2:04:04 PM GMT+1","Beaucoup","Beaucoup","18","Femme","Jusqu'à la license","Beaucoup","Oui","Non","Non","Une fois","Non","Non","Modifier l'ADN de la bactérie","Des séquences d'ADN","Terminateur","Précurseur","Séquence Codante","RBS","Elle indique la fin de la construction","Elle contrôle quand la construction est active","Elle contrôle quelle protéine est produite, et donc quelle capacité est affectée","Elle contrôle le niveau d'expression, et donc à quel point la capacité est affectée","Option 3","Sous lumière bleue, quand la construction GFP est équipée","Les flagelles disparaissent l'un après l'autre, rapidement","Un plasmide - un moyen d'équiper une construction supplémentaire","Elle produit la fluorescence verte","Elle permet de se déplacer plus vite","Elle permet de résister aux antibiotiques","Elle produit la fluorescence verte en présence de l-arabinose","Elle produit la fluorescence verte","Elle permet de se déplacer plus vite","Elle permet de résister aux antibiotiques","Elle produit la fluorescence verte en présence de l-arabinose","A partir du moment où elle serait induite, elle produirait de plus en plus de l-arabinose puisqu'elle s'induirait elle-même","Si elle produisait de la YFP sous lumière cyan","Cellia","Des flagelles","Ampicilline","","87df544d-a2c8-4fd8-9d4d-cffd0b8eee5a"
"2017/10/16 2:04:12 PM GMT+1","Moyennement","Moyennement","17","Femme","Jusqu'à la license","Beaucoup","Oui","Non","Non","Une fois","Non","Non","Modifier l'ADN de la bactérie","Des séquences d'ADN","Terminateur","Précurseur","Protéine","PCR","Elle indique la fin de la construction","Elle contrôle quand la construction est active","Elle contrôle quelle protéine est produite, et donc quelle capacité est affectée","Elle contrôle le niveau d'expression, et donc à quel point la capacité est affectée","Option 3","Sous lumière bleue, quand la construction GFP est équipée","Les flagelles disparaissent l'un après l'autre, rapidement","Un plasmide - un moyen d'équiper une construction supplémentaire","Elle produit la fluorescence verte","Elle permet de se déplacer plus vite","Elle permet de résister aux antibiotiques","Elle produit la fluorescence verte en présence de l-arabinose","Elle produit la fluorescence verte","Elle permet de se déplacer plus vite","Elle permet de résister aux antibiotiques","Elle produit la fluorescence verte en présence de l-arabinose","A partir du moment où elle serait induite, elle produirait de plus en plus de l-arabinose puisqu'elle s'induirait elle-même","Si elle produisait de la YFP sous lumière cyan","Cellia","Des flagelles","Ampicilline","Thx","2734a37d-4ba5-454f-bf85-1f7b767138f6"
"2017/10/16 2:05:35 PM GMT+1","Moyennement","Moyennement","18","Femme","Jusqu'à la license","Beaucoup","Oui","Oui","Non","Une fois","Non","Non","Modifier l'ADN de la bactérie","Des séquences d'ADN","Terminateur","Prémoteur","Séquence Codante","ATP","Elle indique la fin de la construction","Elle contrôle quand la construction est active","Elle contrôle quelle protéine est produite, et donc quelle capacité est affectée","Elle contrôle le niveau d'expression, et donc à quel point la capacité est affectée","Option 3","Sous lumière bleue, quand la construction GFP est équipée","Les flagelles disparaissent l'un après l'autre, rapidement","Un plasmide - un moyen d'équiper une construction supplémentaire","Elle produit la fluorescence verte","Elle permet de se déplacer plus vite","Elle permet de résister aux antibiotiques","Elle produit la fluorescence verte en présence de l-arabinose","Elle produit la fluorescence verte","Elle permet de se déplacer plus vite","Elle permet de résister aux antibiotiques","Elle produit la fluorescence verte en présence de l-arabinose","Elle produirait en permanence de la l-arabinose","Si elle produisait de la YFP sous lumière cyan","E. Coli","Des flagelles","Ampicilline","Le jeux est très bien fait :D","e63a2fc6-50bd-4417-a712-fe688bf8e242"
"2017/10/16 2:06:32 PM GMT+1","Enormément","Enormément","17","Femme","Jusqu'à la license","Beaucoup","Oui","Non","Non","Non","Non","Non","Modifier l'ADN de la bactérie","Des séquences d'ADN","Terminateur","Précurseur","Fluorescence","RBS","Elle indique la fin de la construction","Elle contrôle quand la construction est active","Elle contrôle quelle protéine est produite, et donc quelle capacité est affectée","Elle contrôle le niveau d'expression, et donc à quel point la capacité est affectée","Option 3","Sous lumière bleue, quand la construction GFP est équipée","Les flagelles disparaissent l'un après l'autre, rapidement","Un plasmide - un moyen d'équiper une construction supplémentaire","Elle produit la fluorescence verte","Elle permet de se déplacer plus vite","Elle permet de résister aux antibiotiques","Elle produit la fluorescence verte en présence de l-arabinose","Elle produit la fluorescence verte","Elle permet de se déplacer plus vite","Elle permet de résister aux antibiotiques","Elle produit la fluorescence verte en présence de l-arabinose","Elle ne serait active que dans les nuages de l-arabinose","Si elle produisait de la BFP sous lumière violette","Hero.Coli","Des flagelles","Ampicilline","Vraiment cool à jouer
","2b91e6b2-d5ed-42e1-8bf5-dc23aeaf7e6a"
"2017/10/16 2:07:00 PM GMT+1","Moyennement","Un peu","18","Femme","Jusqu'à la license","Beaucoup","Oui","Oui","Non","Une fois","Non","Non","Modifier l'ADN de la bactérie","Des séquences d'ADN","Terminateur","Promoteur","Fluorescence","Je ne sais pas","Elle indique la fin de la construction","Elle contrôle quand la construction est active","Elle contrôle quelle protéine est produite, et donc quelle capacité est affectée","Elle contrôle le niveau d'expression, et donc à quel point la capacité est affectée","Option 3","Sous lumière bleue, quand la construction GFP est équipée","Les flagelles disparaissent l'un après l'autre, rapidement","Un plasmide - un moyen d'équiper une construction supplémentaire","Elle produit la fluorescence verte","Elle permet de se déplacer plus vite","Elle permet de résister aux antibiotiques","Elle produit la fluorescence verte en présence de l-arabinose","Elle produit la fluorescence verte","","Elle permet de résister aux antibiotiques","Elle produit la fluorescence verte en présence de l-arabinose","Elle ne serait active que dans les nuages de l-arabinose","Si elle produisait de la YFP sous lumière cyan","E. Coli","Des flagelles","Ampicilline","C'est génial!","e87957e0-2aa7-48b9-9ee8-86e25e45a8ab"
"2017/10/16 2:07:42 PM GMT+1","Moyennement","Moyennement","17","Femme","Jusqu'au bac","Beaucoup","Oui","Non","Non","Une fois","Non","Non","Ramasser des nanorobots","Des acides aminés","Transposeur","Prémoteur","Fluorescence","RBS","Elle contrôle le niveau d'expression, et donc à quel point la capacité est affectée","Elle contrôle quelle protéine est produite, et donc quelle capacité est affectée","","Elle contrôle quand la construction est active","Option 1","Sous lumière bleue, quand la construction GFP est équipée","Les flagelles disparaissent l'un après l'autre, rapidement","Un plasmide - un moyen d'équiper une construction supplémentaire","Elle produit la fluorescence verte en présence de l-arabinose","Elle permet de se déplacer plus vite","Je ne sais pas","Elle permet de se déplacer plus vite","Elle produit la fluorescence verte","Elle permet de se déplacer plus vite","Elle permet de résister aux antibiotiques","Elle produit la fluorescence verte en présence de l-arabinose","A partir du moment où elle serait induite, elle produirait de plus en plus de l-arabinose puisqu'elle s'induirait elle-même","Si elle produisait de la BFP sous lumière violette","Hero.Coli","Des flagelles","Ampicilline","","a7936587-8b71-43b6-9c61-17b2c2b55de3"
"2017/10/16 2:11:08 PM GMT+1","Moyennement","Moyennement","17","Homme","Jusqu'au bac","Enormément","Oui","Je ne sais pas","Quelques fois","Une fois","Non","Non","Modifier l'ADN de la bactérie","Des séquences d'ADN","Terminateur","Précurseur","Protéine","GFP","Elle indique la fin de la construction","Elle contrôle quelle protéine est produite, et donc quelle capacité est affectée","Elle contrôle quelle protéine est produite, et donc quelle capacité est affectée","Elle contrôle le niveau d'expression, et donc à quel point la capacité est affectée","Option 3","Sous lumière bleue, quand la construction GFP est équipée","Les flagelles disparaissent l'un après l'autre, rapidement","Un plasmide - un moyen d'équiper une construction supplémentaire","Elle produit la fluorescence verte","Elle permet de se déplacer plus vite","Elle permet de résister aux antibiotiques","Elle produit la fluorescence verte en présence de l-arabinose","Elle produit la fluorescence verte","Elle permet de se déplacer plus vite","Elle permet de résister aux antibiotiques","Elle produit la fluorescence verte en présence de l-arabinose","Je ne sais pas","Si elle produisait de la YFP sous lumière cyan","E. Coli","Des flagelles","Ampicilline","","9385861a-b7bf-48cc-aa47-9aec96c016e7"
"2017/10/16 2:12:27 PM GMT+1","Moyennement","Moyennement","18","Je ne souhaite pas le préciser","Jusqu'à la license","Enormément","Oui","Oui","Non","Une fois","Non","Non","Modifier l'ADN de la bactérie","Des séquences d'ADN","Terminateur","Promoteur","Séquence Codante","GFP","Elle indique la fin de la construction","Elle contrôle quand la construction est active","Elle contrôle quelle protéine est produite, et donc quelle capacité est affectée","Elle contrôle le niveau d'expression, et donc à quel point la capacité est affectée","Option 3","Sous lumière bleue, quand la construction GFP est équipée","Les flagelles disparaissent l'un après l'autre, rapidement","Un plasmide - un moyen d'équiper une construction supplémentaire","Elle produit la fluorescence verte","Elle permet de se déplacer plus vite","Elle permet de résister aux antibiotiques","Elle produit la fluorescence verte en présence de l-arabinose","Elle produit la fluorescence verte","Elle permet de se déplacer plus vite","Elle permet de résister aux antibiotiques","Elle produit la fluorescence verte","A partir du moment où elle serait induite, elle produirait de plus en plus de l-arabinose puisqu'elle s'induirait elle-même","Si elle produisait de la YFP sous lumière cyan","E. Coli","Des flagelles","Ampicilline","","4cd1abad-a077-46a1-bbe4-7a83594de09e"
"2017/10/16 2:14:12 PM GMT+1","Moyennement","Moyennement","14","Femme","Jusqu'à la license","Enormément","Oui","Oui","Non","","Une fois","Non","Modifier l'ADN de la bactérie","Des séquences d'ADN","Terminateur","Promoteur","Séquence Codante","RBS","Elle indique la fin de la construction","Elle contrôle quelle protéine est produite, et donc quelle capacité est affectée","Elle contrôle quand la construction est active","Elle contrôle le niveau d'expression, et donc à quel point la capacité est affectée","Option 3","Sous lumière bleue, quand la construction GFP est équipée","Les flagelles disparaissent l'un après l'autre, rapidement","Un plasmide - un moyen d'équiper une construction supplémentaire","Elle produit la fluorescence verte","","Elle permet de résister aux antibiotiques","Elle produit la fluorescence verte en présence de l-arabinose","Elle produit la fluorescence verte","Elle permet de se déplacer plus vite","Elle permet de résister aux antibiotiques","Elle produit la fluorescence verte en présence de l-arabinose","Elle ne serait active que dans les nuages de l-arabinose","Si elle produisait de la BFP sous lumière violette","E. Coli","Des flagelles","Ampicilline","","4dbc1a0a-e1d2-44dd-833c-62252a56bfd6"
"2017/10/16 2:14:16 PM GMT+1","Moyennement","Un peu","18","Femme","Jusqu'à la license","Enormément","Oui","Oui","Non","","Une fois","Non","Modifier l'ADN de la bactérie","Des séquences d'ADN","Transcripteur","Précurseur","Fluorescence","GFP","Elle contrôle quand la construction est active","Elle contrôle quelle protéine est produite, et donc quelle capacité est affectée","Elle indique la fin de la construction","Elle contrôle le niveau d'expression, et donc à quel point la capacité est affectée","Option 3","Sous lumière bleue, quand la construction GFP est équipée","Les flagelles disparaissent l'un après l'autre, rapidement","Un plasmide - un moyen d'équiper une construction supplémentaire","Elle produit la fluorescence verte","Elle permet de se déplacer plus vite","Elle permet de résister aux antibiotiques","Elle produit la fluorescence verte en présence de l-arabinose","Elle produit la fluorescence verte","Elle permet de se déplacer plus vite","Elle permet de résister aux antibiotiques","Elle produit la fluorescence verte en présence de l-arabinose","Elle ne serait active que dans les nuages de l-arabinose","Si elle produisait de la YFP sous lumière cyan","E. Coli","Des flagelles","Ampicilline","Super jeu qui permet d'avoir plus de connaissance scientifiques, le design est génial, bravo !","bfdfd356-5d6f-4696-a2f1-c1dc338aa64b"
"2017/10/16 2:33:40 PM GMT+1","Un peu","Un peu","18","Homme","Jusqu'à la license","Beaucoup","Oui","Je ne sais pas","Non","Non","Non","Non","Modifier l'ADN de la bactérie","Des séquences d'ADN","Terminateur","Promoteur","Séquence Codante","RBS","Elle contrôle quand la construction est active","Elle contrôle le niveau d'expression, et donc à quel point la capacité est affectée","Elle contrôle quelle protéine est produite, et donc quelle capacité est affectée","Elle contrôle le niveau d'expression, et donc à quel point la capacité est affectée","Option 3","Sous lumière bleue, quand la construction GFP est équipée","Les flagelles disparaissent l'un après l'autre, rapidement","Un plasmide - un moyen d'équiper une construction supplémentaire","Elle produit la fluorescence verte","Elle permet de se déplacer plus vite","Elle permet de résister aux antibiotiques","Elle produit la fluorescence verte en présence de l-arabinose","Elle produit la fluorescence verte","Elle permet de se déplacer plus vite","Elle permet de résister aux antibiotiques","Elle produit la fluorescence verte","Je ne sais pas","Si elle produisait de la GFP sous lumière jaune","E. Coli","Des flagelles","Ampicilline","","fa873073-af62-4ab0-bf76-b3864762b550"
"2017/10/20 11:45:27 AM GMT+1","Beaucoup","Un peu","25","Homme","Jusqu'au bac","Moyennement","Non","Non","Non","Une fois","Une fois","Non","Modifier l'ADN de la bactérie","Des séquences d'ADN","Terminateur","Promoteur","Séquence Codante","PCR","Elle indique la fin de la construction","Elle contrôle quand la construction est active","Elle contrôle quelle protéine est produite, et donc quelle capacité est affectée","Elle contrôle le niveau d'expression, et donc à quel point la capacité est affectée","Option 3","Sous lumière bleue, quand la construction GFP est équipée","Les flagelles disparaissent l'un après l'autre, rapidement","Un plasmide - un moyen d'équiper une construction supplémentaire","Elle produit la fluorescence verte","Elle permet de se déplacer plus vite","Elle permet de résister aux antibiotiques","Elle produit la fluorescence verte en présence de l-arabinose","Elle produit la fluorescence verte","Elle permet de se déplacer plus vite","Elle permet de résister aux antibiotiques","Elle produit la fluorescence verte en présence de l-arabinose","A partir du moment où elle serait induite, elle produirait de plus en plus de l-arabinose puisqu'elle s'induirait elle-même","Si elle produisait de la YFP sous lumière cyan","E. Coli","Des flagelles","Ampicilline","Super jeu","9880ce9d-c6fc-476e-98a9-a9e8c8f7fcdc"
"2017/10/23 11:55:26 AM GMT+1","Un peu","Un peu","13","Femme","Jusqu'au brevet","Un peu","Non","Non","Non","Non","Non","Non","Je ne sais pas","Je ne sais pas","Je ne sais pas","Je ne sais pas","Je ne sais pas","Je ne sais pas","Je ne sais pas","Je ne sais pas","Je ne sais pas","Je ne sais pas","Je ne sais pas","Je ne sais pas","Je ne sais pas","Je ne sais pas","Je ne sais pas","Je ne sais pas","Je ne sais pas","Je ne sais pas","Je ne sais pas","Je ne sais pas","Je ne sais pas","Je ne sais pas","Je ne sais pas","Je ne sais pas","Je ne sais pas","Je ne sais pas","Je ne sais pas","","f252cd36-b9a9-472b-9605-2a5e3cc799c7"
"2017/10/24 9:56:44 AM GMT+1","Un peu","Un peu","13","Femme","Jusqu'au brevet","Un peu","Non","Non","Non","Une fois","Non","Non","Modifier l'ADN de la bactérie","Je ne sais pas","Terminateur","Je ne sais pas","Je ne sais pas","Je ne sais pas","Elle indique la fin de la construction","Elle contrôle quand la construction est active","Elle contrôle quelle protéine est produite, et donc quelle capacité est affectée","Elle contrôle le niveau d'expression, et donc à quel point la capacité est affectée","Option 3","Sous lumière bleue, quand la construction GFP est équipée","Les flagelles disparaissent l'un après l'autre, rapidement","Un plasmide - un moyen d'équiper une construction supplémentaire","Elle produit la fluorescence verte","Elle permet de se déplacer plus vite","Elle permet de résister aux antibiotiques","Elle produit la fluorescence verte en présence de l-arabinose","Elle produit la fluorescence verte","Elle permet de se déplacer plus vite","Elle permet de résister aux antibiotiques","Elle produit la fluorescence verte en présence de l-arabinose","Je ne sais pas","Je ne sais pas","Cellia","Des flagelles","Je ne sais pas","","f252cd36-b9a9-472b-9605-2a5e3cc799c7"
"2017/10/26 4:27:48 PM GMT+1","Beaucoup","Enormément","19","Homme","Jusqu'à la license","Beaucoup","Oui","Oui","Non","Une fois","Non","Non","Modifier l'ADN de la bactérie","Des séquences d'ADN","Terminateur","Promoteur","Séquence Codante","RBS","Elle indique la fin de la construction","Elle contrôle quand la construction est active","Elle contrôle quelle protéine est produite, et donc quelle capacité est affectée","Elle contrôle le niveau d'expression, et donc à quel point la capacité est affectée","Option 3","Sous lumière bleue, quand la construction GFP est équipée","Les flagelles disparaissent l'un après l'autre, rapidement","Un plasmide - un moyen d'équiper une construction supplémentaire","Elle produit la fluorescence verte","Elle permet de se déplacer plus vite","Elle permet de résister aux antibiotiques","Elle produit la fluorescence verte en présence de l-arabinose","Elle produit la fluorescence verte","Elle permet de se déplacer plus vite","Elle permet de résister aux antibiotiques","Elle produit la fluorescence verte en présence de l-arabinose","Elle ne serait active que dans les nuages de l-arabinose","Si elle produisait de la YFP sous lumière cyan","E. Coli","Des flagelles","Ampicilline","Problèmes de performances ( fps drop ), sinon pas mal le jeu.","74cfbbd0-eb35-467c-9bad-221ac73a7444"
"2017/10/28 2:32:13 PM GMT+1","Moyennement","Moyennement","11","Homme","Jamais, pas même au collège","Un peu","Non","Non","Non","Non","Non","Non","Modifier l'ADN de la bactérie","Je ne sais pas","Je ne sais pas","Je ne sais pas","Je ne sais pas","Je ne sais pas","Je ne sais pas","Je ne sais pas","Je ne sais pas","Je ne sais pas","Je ne sais pas","Je ne sais pas","Je ne sais pas","Je ne sais pas","Je ne sais pas","Je ne sais pas","Je ne sais pas","Je ne sais pas","Elle produit la fluorescence verte","Elle permet de se déplacer plus vite","Elle permet de résister aux antibiotiques","Elle produit la fluorescence verte en présence de l-arabinose","Je ne sais pas","Je ne sais pas","E. Coli","Des flagelles","Je ne sais pas","","bdc1c38d-dce7-4c00-8ea2-9514643bc09f"
"2017/11/14 8:10:15 AM GMT+1","Beaucoup","Moyennement","44","Homme","Jusqu'au brevet","Beaucoup","Oui","Non","Non","Non","Une fois","Non","Modifier l'ADN de la bactérie","Je ne sais pas","Transcripteur","Précurseur","Je ne sais pas","Je ne sais pas","Je ne sais pas","Je ne sais pas","Je ne sais pas","Elle contrôle le niveau d'expression, et donc à quel point la capacité est affectée","Je ne sais pas","Je ne sais pas","Les flagelles disparaissent l'un après l'autre, rapidement","Je ne sais pas","Je ne sais pas","Je ne sais pas","Je ne sais pas","Je ne sais pas","Elle produit la fluorescence verte","Elle permet de se déplacer plus vite","Elle permet de résister aux antibiotiques","Elle produit la fluorescence verte en présence de l-arabinose","Je ne sais pas","Je ne sais pas","E. Coli","Des flagelles","Ampicilline","","deb089c0-9be3-4b75-9b27-28963c77b10c"
"2017/11/17 2:13:11 PM GMT+1","Moyennement","Un peu","18","Femme","Jusqu'à la license","Beaucoup","Oui","Non","Non","Une fois","Non","Non","Modifier l'ADN de la bactérie","Des protéines","Terminateur","Promoteur","Protéine","ATP","Elle indique la fin de la construction","Elle contrôle quand la construction est active","Elle contrôle quelle protéine est produite, et donc quelle capacité est affectée","Elle contrôle le niveau d'expression, et donc à quel point la capacité est affectée","Option 3","Sous lumière bleue, quand la construction GFP est équipée","Les flagelles disparaissent l'un après l'autre, rapidement","Un plasmide - un moyen d'équiper une construction supplémentaire","Elle produit la fluorescence verte","Elle produit la fluorescence verte en présence de l-arabinose","Elle permet de résister aux antibiotiques","Elle produit la fluorescence verte","Elle produit la fluorescence verte","Elle permet de se déplacer plus vite","Elle permet de résister aux antibiotiques","Elle produit la fluorescence verte en présence de l-arabinose","Elle produirait en permanence de la l-arabinose","Si elle produisait de la YFP sous lumière cyan","E. Coli","Des flagelles","Ampicilline","29","e87957e0-2aa7-48b9-9ee8-86e25e45a8ab"
"2017/11/17 4:37:50 PM GMT+1","Beaucoup","Moyennement","17","Femme","Jusqu'à la license","Beaucoup","Oui","Non","Non","Quelques fois","Une fois","Non","Modifier l'ADN de la bactérie","Des séquences d'ADN","Terminateur","Promoteur","Je ne sais pas","Je ne sais pas","Elle indique la fin de la construction","Elle contrôle quand la construction est active","Elle contrôle quelle protéine est produite, et donc quelle capacité est affectée","Elle contrôle le niveau d'expression, et donc à quel point la capacité est affectée","Option 3","Sous lumière bleue, quand la construction GFP est équipée","Les flagelles disparaissent l'un après l'autre, rapidement","Un nanorobot - simplement un bonus dans le jeu","Elle produit la fluorescence verte","Elle permet de se déplacer plus vite","Elle permet de résister aux antibiotiques","Elle produit la fluorescence verte en présence de l-arabinose","Elle produit la fluorescence verte","Elle permet de se déplacer plus vite","Elle permet de résister aux antibiotiques","Elle produit la fluorescence verte en présence de l-arabinose","Elle ne produirait rien puisqu'elle s'induirait elle-même","Si elle produisait de la YFP sous lumière cyan","E. Coli","Des flagelles","Ampicilline","Anouk Tomas (numéro d'élève 8)","5e8dd563-9049-4da4-ab54-42e472ba6f41"
"2017/11/19 8:58:43 PM GMT+1","Un peu","Un peu","18","Homme","Jusqu'au bac","Enormément","Je ne sais pas","Non","Non","Une fois","Non","Non","Modifier l'ADN de la bactérie","Des séquences d'ADN","Terminateur","Promoteur","Séquence Codante","PCR","Elle indique la fin de la construction","Elle contrôle quand la construction est active","Elle contrôle quelle protéine est produite, et donc quelle capacité est affectée","Elle contrôle le niveau d'expression, et donc à quel point la capacité est affectée","Option 2","Je ne sais pas","Les flagelles disparaissent l'un après l'autre, rapidement","Un plasmide - un moyen d'équiper une construction supplémentaire","Elle produit la fluorescence verte","Elle permet de se déplacer plus vite","Elle permet de résister aux antibiotiques","Elle produit la fluorescence verte en présence de l-arabinose","Elle produit la fluorescence verte","Elle permet de se déplacer plus vite","Elle permet de résister aux antibiotiques","Elle produit la fluorescence verte en présence de l-arabinose","Je ne sais pas","Si elle produisait de la YFP sous lumière cyan","E. Coli","Des flagelles","Ampicilline","32","9385861a-b7bf-48cc-aa47-9aec96c016e7"
"2017/11/21 10:55:13 AM GMT+1","Enormément","Enormément","21","Femme","Jusqu'à la license","Moyennement","Oui","Non","Non","Non","Non","Non","Modifier l'ADN de la bactérie","Je ne sais pas","Terminateur","Promoteur","Séquence Codante","ATP","Elle indique la fin de la construction","Elle contrôle le niveau d'expression, et donc à quel point la capacité est affectée","Elle contrôle le niveau d'expression, et donc à quel point la capacité est affectée","Je ne sais pas","Je ne sais pas","Je ne sais pas","Rien","Je ne sais pas","Je ne sais pas","Je ne sais pas","Je ne sais pas","Je ne sais pas","Elle produit la fluorescence verte en présence de l-arabinose","Elle permet de se déplacer plus vite","Elle permet de résister aux antibiotiques","Elle produit la fluorescence verte","Je ne sais pas","Je ne sais pas","Je ne sais pas","Des flagelles","Ampicilline","","ba202bbc-af77-42e8-85ff-e25b871717d5"
"2017/11/21 10:55:56 AM GMT+1","Beaucoup","Moyennement","21","Homme","Au moins jusqu'au master","Beaucoup","Oui","Non","Non","Non","Non","Non","Modifier l'ADN de la bactérie","Des protéines","Je ne sais pas","Promoteur","Séquence Codante","Je ne sais pas","Je ne sais pas","Je ne sais pas","Je ne sais pas","Je ne sais pas","Je ne sais pas","Je ne sais pas","Je ne sais pas","Je ne sais pas","Je ne sais pas","Je ne sais pas","Je ne sais pas","Je ne sais pas","Je ne sais pas","Je ne sais pas","Je ne sais pas","Je ne sais pas","Je ne sais pas","Je ne sais pas","Je ne sais pas","Je ne sais pas","Je ne sais pas","","5151a69c-201b-45ec-954a-460a07443f96"
"2017/11/21 10:55:57 AM GMT+1","Un peu","Pas du tout","24","Homme","Au moins jusqu'au master","Enormément","Oui","Non","Non","Non","Non","Non","Je ne sais pas","Je ne sais pas","Je ne sais pas","Je ne sais pas","Je ne sais pas","Je ne sais pas","Je ne sais pas","Je ne sais pas","Je ne sais pas","Je ne sais pas","Je ne sais pas","Sous lumière bleue, quand la construction GFP est équipée","Je ne sais pas","Je ne sais pas","Je ne sais pas","Je ne sais pas","Je ne sais pas","Je ne sais pas","Je ne sais pas","Je ne sais pas","Je ne sais pas","Je ne sais pas","Je ne sais pas","Je ne sais pas","Je ne sais pas","Je ne sais pas","Je ne sais pas","","44fe6cda-3f3e-4a6d-857e-4f22c3787202"
"2017/11/21 10:55:59 AM GMT+1","Un peu","Un peu","21","Femme","Au moins jusqu'au master","Beaucoup","Oui","Je ne sais pas","Non","Non","Non","Non","Je ne sais pas","Je ne sais pas","Transcripteur","Promoteur","Protéine","Je ne sais pas","Je ne sais pas","Elle contrôle quand la construction est active","Je ne sais pas","Je ne sais pas","Je ne sais pas","Je ne sais pas","Je ne sais pas","Un plasmide - un moyen d'équiper une construction supplémentaire","Je ne sais pas","Je ne sais pas","Je ne sais pas","Je ne sais pas","Je ne sais pas","Je ne sais pas","Je ne sais pas","Je ne sais pas","Je ne sais pas","Je ne sais pas","E. Coli","Des flagelles","Ampicilline","","5ca76986-9cac-4824-82ef-e20b81199e1a"
"2017/11/21 10:56:13 AM GMT+1","Beaucoup","Moyennement","22","Homme","Au moins jusqu'au master","Enormément","Oui","Oui","Non","Non","Non","Non","Modifier l'ADN de la bactérie","Des séquences d'ADN","Je ne sais pas","Promoteur","Séquence Codante","Je ne sais pas","Je ne sais pas","Elle contrôle le niveau d'expression, et donc à quel point la capacité est affectée","Elle contrôle quelle protéine est produite, et donc quelle capacité est affectée","Je ne sais pas","Option 4","Sous lumière bleue, quand la construction GFP est équipée","Les flagelles disparaissent l'un après l'autre, rapidement","Un plasmide - un moyen d'équiper une construction supplémentaire","Elle produit la fluorescence verte","Elle permet de se déplacer plus vite","Elle permet de résister aux antibiotiques","Elle produit la fluorescence verte en présence de l-arabinose","Elle produit la fluorescence verte","Elle permet de se déplacer plus vite","Elle permet de résister aux antibiotiques","Elle produit la fluorescence verte en présence de l-arabinose","Elle ne produirait rien puisqu'elle s'induirait elle-même","Si elle produisait de la YFP sous lumière cyan","E. Coli","Des flagelles","Ampicilline","Questionnaire cool pour un biologiste","5d9e5030-50dc-4fcd-be4b-1b4fcd40097d"
"2017/11/21 10:57:48 AM GMT+1","Moyennement","Moyennement","22","Homme","Au moins jusqu'au master","Moyennement","Je ne sais pas","Non","Non","Non","Non","Non","Modifier l'ADN de la bactérie","Des acides aminés","Transcripteur","Promoteur","Ribosome","Je ne sais pas","Elle indique la fin de la construction","Elle contrôle quand la construction est active","Elle contrôle quand la construction est active","Elle contrôle le niveau d'expression, et donc à quel point la capacité est affectée","Option 2","Je ne sais pas","Les flagelles disparaissent l'un après l'autre, rapidement","Un plasmide - un moyen d'équiper une construction supplémentaire","Elle produit la fluorescence verte","Je ne sais pas","Je ne sais pas","Je ne sais pas","Elle produit la fluorescence verte","Je ne sais pas","Je ne sais pas","Je ne sais pas","Je ne sais pas","Je ne sais pas","Hero.Coli","Des flagelles","Ampicilline","","df4f13e0-a9da-4acd-a0a4-d33bb84493d4"
"2017/11/21 10:58:34 AM GMT+1","Moyennement","Un peu","22","Femme","Jusqu'à la license","Beaucoup","Oui","Non","Non","Non","Non","Non","Modifier l'ADN de la bactérie","Des séquences d'ADN","Je ne sais pas","Promoteur","Séquence Codante","Je ne sais pas","Je ne sais pas","Elle contrôle le niveau d'expression, et donc à quel point la capacité est affectée","Elle contrôle quelle protéine est produite, et donc quelle capacité est affectée","Je ne sais pas","Option 2","Sous lumière bleue, quand la construction GFP est équipée","Je ne sais pas","Un plasmide - un moyen d'équiper une construction supplémentaire","Elle produit la fluorescence verte","Elle permet de se déplacer plus vite","Elle permet de résister aux antibiotiques","Elle produit la fluorescence verte en présence de l-arabinose","Elle produit la fluorescence verte","Elle permet de se déplacer plus vite","Elle permet de résister aux antibiotiques","Elle produit la fluorescence verte en présence de l-arabinose","A partir du moment où elle serait induite, elle produirait de plus en plus de l-arabinose puisqu'elle s'induirait elle-même","Si elle produisait de la YFP sous lumière cyan","E. Coli","Des flagelles","Ampicilline","","18102cfd-8ef0-42f1-9f05-30fc7779979c"
"2017/11/21 10:58:51 AM GMT+1","Pas du tout","Pas du tout","21","Homme","Au moins jusqu'au master","Enormément","Oui","Non","Non","Non","Non","Non","Modifier l'ADN de la bactérie","Des séquences d'ADN","Terminateur","Promoteur","Séquence Codante","ATP","Elle indique la fin de la construction","Elle contrôle quelle protéine est produite, et donc quelle capacité est affectée","Elle contrôle quand la construction est active","Je ne sais pas","Option 3","Sous lumière bleue, quand la construction GFP est équipée","Les flagelles disparaissent l'un après l'autre, rapidement","Un plasmide - un moyen d'équiper une construction supplémentaire","Elle produit la fluorescence verte en présence de l-arabinose","Je ne sais pas","Elle permet de résister aux antibiotiques","Elle produit la fluorescence verte en présence de l-arabinose","Elle produit la fluorescence verte en présence de l-arabinose","Elle permet de se déplacer plus vite","Elle permet de résister aux antibiotiques","Elle produit la fluorescence verte","A partir du moment où elle serait induite, elle produirait de plus en plus de l-arabinose puisqu'elle s'induirait elle-même","Si elle produisait de la YFP sous lumière cyan","E. Coli","Des flagelles","Ampicilline","","0916ecad-850e-4bfb-b8d4-e9e8f66c52d4"
"2017/11/21 10:59:11 AM GMT+1","Beaucoup","Beaucoup","22","Femme","Au moins jusqu'au master","Beaucoup","Oui","Non","Non","Non","Non","Non","Je ne sais pas","Je ne sais pas","Je ne sais pas","Je ne sais pas","Je ne sais pas","Je ne sais pas","Je ne sais pas","Je ne sais pas","Je ne sais pas","Je ne sais pas","Je ne sais pas","Je ne sais pas","Je ne sais pas","Je ne sais pas","Je ne sais pas","Je ne sais pas","Je ne sais pas","Je ne sais pas","Je ne sais pas","Je ne sais pas","Je ne sais pas","Je ne sais pas","A partir du moment où elle serait induite, elle produirait de plus en plus de l-arabinose puisqu'elle s'induirait elle-même","Je ne sais pas","Je ne sais pas","Des flagelles","Ampicilline","","998cde9b-39cb-49ea-a5b6-d492d4b8d84a"
"2017/11/21 10:59:41 AM GMT+1","Beaucoup","Un peu","22","Homme","Au moins jusqu'au master","Enormément","Oui","Je ne sais pas","Non","Non","Non","Non","Modifier l'ADN de la bactérie","Je ne sais pas","Je ne sais pas","Je ne sais pas","Je ne sais pas","Je ne sais pas","Je ne sais pas","Je ne sais pas","Je ne sais pas","Je ne sais pas","Je ne sais pas","Je ne sais pas","Je ne sais pas","Un plasmide - un moyen d'équiper une construction supplémentaire","Je ne sais pas","Je ne sais pas","Je ne sais pas","Je ne sais pas","Je ne sais pas","Je ne sais pas","Je ne sais pas","Je ne sais pas","Je ne sais pas","Je ne sais pas","Je ne sais pas","Je ne sais pas","Ampicilline","","bbca0320-db34-4ce4-ab87-39e303c177c5"
"2017/11/21 11:01:19 AM GMT+1","Beaucoup","Moyennement","22","Femme","Au moins jusqu'au master","Enormément","Oui","Non","Non","Non","Non","Non","Ramasser des nanorobots","Des protéines","Transcripteur","Promoteur","Séquence Codante","ATP","Elle contrôle le niveau d'expression, et donc à quel point la capacité est affectée","Elle contrôle le niveau d'expression, et donc à quel point la capacité est affectée","Elle contrôle quelle protéine est produite, et donc quelle capacité est affectée","Elle contrôle le niveau d'expression, et donc à quel point la capacité est affectée","Option 4","Devant les portes, quand la construction GFP est équipée","Les flagelles disparaissent l'un après l'autre, rapidement","Un plasmide - un moyen d'équiper une construction supplémentaire","Elle produit la fluorescence verte","Elle permet de se déplacer plus vite","Elle permet de résister aux antibiotiques","Elle produit la fluorescence verte","Elle produit la fluorescence verte","Elle permet de se déplacer plus vite","Elle permet de résister aux antibiotiques","Elle produit la fluorescence verte en présence de l-arabinose","Elle ne produirait rien puisqu'elle s'induirait elle-même","Si elle produisait de la YFP sous lumière cyan","E. Coli","Des flagelles","Ampicilline","","4a859cce-5826-4807-9e1d-4dd5eba16180"
"2017/11/21 11:07:58 AM GMT+1","Moyennement","Moyennement","21","Femme","Au moins jusqu'au master","Moyennement","Oui","Non","Non","Non","Non","Non","Je ne sais pas","Je ne sais pas","Je ne sais pas","Promoteur","Séquence Codante","Je ne sais pas","Je ne sais pas","Je ne sais pas","Je ne sais pas","Je ne sais pas","Option 2","Je ne sais pas","Je ne sais pas","Je ne sais pas","Elle produit la fluorescence verte","Je ne sais pas","Elle permet de résister aux antibiotiques","Je ne sais pas","Elle produit la fluorescence verte","Elle permet de se déplacer plus vite","Je ne sais pas","Je ne sais pas","Je ne sais pas","Je ne sais pas","Hero.Coli","Des plasmides","Ampicilline","","5e978fb3-316a-42ba-bb58-00856353838d"
"2017/11/21 11:09:00 AM GMT+1","Moyennement","Un peu","20","Homme","Au moins jusqu'au master","Beaucoup","Je ne sais pas","Non","Non","Non","Non","Non","Modifier l'ADN de la bactérie","Je ne sais pas","Terminateur","Promoteur","Séquence Codante","RBS","Elle indique la fin de la construction","Elle contrôle quand la construction est active","Je ne sais pas","Je ne sais pas","Option 2","Sous lumière bleue, quand la construction GFP est équipée","La bactérie meurt","Un plasmide - un moyen d'équiper une construction supplémentaire","Elle produit la fluorescence verte en présence de l-arabinose","Elle produit la fluorescence verte en présence de l-arabinose","Elle permet de résister aux antibiotiques","Elle produit la fluorescence verte","Elle produit la fluorescence verte en présence de l-arabinose","Elle permet de se déplacer plus vite","Elle permet de résister aux antibiotiques","Elle produit la fluorescence verte","Elle produirait en permanence de la l-arabinose","Je ne sais pas","E. Coli","Des flagelles","Ampicilline","","72002481-18a1-4de2-8749-553bbabe119e"
"2017/11/21 11:43:17 AM GMT+1","Beaucoup","Moyennement","22","Homme","Au moins jusqu'au master","Enormément","Oui","Oui","Non","Une fois","Non","Non","Modifier l'ADN de la bactérie","Des séquences d'ADN","Terminateur","Promoteur","Séquence Codante","RBS","Elle indique la fin de la construction","Elle contrôle quand la construction est active","Elle contrôle quelle protéine est produite, et donc quelle capacité est affectée","Elle contrôle le niveau d'expression, et donc à quel point la capacité est affectée","Option 3","Sous lumière bleue, quand la construction GFP est équipée","Les flagelles disparaissent l'un après l'autre, rapidement","Un plasmide - un moyen d'équiper une construction supplémentaire","Elle produit la fluorescence verte","Elle permet de se déplacer plus vite","Elle permet de résister aux antibiotiques","Elle produit la fluorescence verte en présence de l-arabinose","Elle produit la fluorescence verte","Elle permet de se déplacer plus vite","Elle permet de résister aux antibiotiques","Elle produit la fluorescence verte en présence de l-arabinose","A partir du moment où elle serait induite, elle produirait de plus en plus de l-arabinose puisqu'elle s'induirait elle-même","Si elle produisait de la YFP sous lumière cyan","E. Coli","Des flagelles","Ampicilline","le jeu est très bien :)","5d9e5030-50dc-4fcd-be4b-1b4fcd40097d"
"2017/11/21 11:49:24 AM GMT+1","Enormément","Beaucoup","21","Homme","Au moins jusqu'au master","Beaucoup","Oui","Non","Non","Une fois","Non","Non","Modifier l'ADN de la bactérie","Des séquences d'ADN","Terminateur","Promoteur","Séquence Codante","RBS","Elle indique la fin de la construction","Elle contrôle quand la construction est active","Elle contrôle quelle protéine est produite, et donc quelle capacité est affectée","Elle contrôle le niveau d'expression, et donc à quel point la capacité est affectée","Option 3","Sous lumière bleue, quand la construction GFP est équipée","Les flagelles disparaissent l'un après l'autre, rapidement","Un plasmide - un moyen d'équiper une construction supplémentaire","Elle produit la fluorescence verte","Elle permet de se déplacer plus vite","Elle permet de résister aux antibiotiques","Elle produit la fluorescence verte en présence de l-arabinose","Elle produit la fluorescence verte","Elle permet de se déplacer plus vite","Elle permet de résister aux antibiotiques","Elle produit la fluorescence verte en présence de l-arabinose","A partir du moment où elle serait induite, elle produirait de plus en plus de l-arabinose puisqu'elle s'induirait elle-même","Je ne sais pas","E. Coli","Des flagelles","Ampicilline","","5151a69c-201b-45ec-954a-460a07443f96"
"2017/11/21 11:50:20 AM GMT+1","Pas du tout","Pas du tout","21","Homme","Au moins jusqu'au master","Enormément","Oui","Non","Non","Une fois","Non","Non","Modifier l'ADN de la bactérie","Des séquences d'ADN","Terminateur","Promoteur","Protéine","RBS","Elle indique la fin de la construction","Elle contrôle quand la construction est active","Elle contrôle quelle protéine est produite, et donc quelle capacité est affectée","Elle contrôle le niveau d'expression, et donc à quel point la capacité est affectée","Option 3","Sous lumière bleue, quand la construction GFP est équipée","Les flagelles disparaissent l'un après l'autre, rapidement","Un plasmide - un moyen d'équiper une construction supplémentaire","Elle produit la fluorescence verte","Elle permet de se déplacer plus vite","Elle permet de résister aux antibiotiques","Elle produit la fluorescence verte en présence de l-arabinose","Elle produit la fluorescence verte","Elle permet de se déplacer plus vite","Elle permet de résister aux antibiotiques","Elle produit la fluorescence verte en présence de l-arabinose","A partir du moment où elle serait induite, elle produirait de plus en plus de l-arabinose puisqu'elle s'induirait elle-même","Si elle produisait de la YFP sous lumière cyan","E. Coli","Des flagelles","Ampicilline","","0916ecad-850e-4bfb-b8d4-e9e8f66c52d4"
"2017/11/21 11:50:55 AM GMT+1","Enormément","Beaucoup","24","Femme","Jusqu'à la license","Beaucoup","Non","Non","Non","Une fois","Non","Non","Modifier l'ADN de la bactérie","Des séquences d'ADN","Terminateur","Promoteur","Séquence Codante","RBS","Elle indique la fin de la construction","Elle contrôle quand la construction est active","Elle contrôle quelle protéine est produite, et donc quelle capacité est affectée","Elle contrôle le niveau d'expression, et donc à quel point la capacité est affectée","Option 3","Sous lumière bleue, quand la construction GFP est équipée","Les flagelles disparaissent l'un après l'autre, rapidement","Un plasmide - un moyen d'équiper une construction supplémentaire","Elle produit la fluorescence verte","Elle permet de se déplacer plus vite","Elle permet de résister aux antibiotiques","Elle produit la fluorescence verte en présence de l-arabinose","Elle produit la fluorescence verte","Elle permet de se déplacer plus vite","Elle permet de résister aux antibiotiques","Elle produit la fluorescence verte en présence de l-arabinose","A partir du moment où elle serait induite, elle produirait de plus en plus de l-arabinose puisqu'elle s'induirait elle-même","Si elle produisait de la YFP sous lumière cyan","E. Coli","Des flagelles","Ampicilline","","0ceae1e4-b8c8-4578-a157-4facbff9f899"
"2017/11/21 11:52:13 AM GMT+1","Moyennement","Un peu","22","Femme","Jusqu'à la license","Beaucoup","Oui","Non","Non","Une fois","Non","Non","Modifier l'ADN de la bactérie","Des séquences d'ADN","Terminateur","Promoteur","Séquence Codante","RBS","Elle indique la fin de la construction","Elle contrôle quand la construction est active","Elle contrôle quelle protéine est produite, et donc quelle capacité est affectée","Elle contrôle le niveau d'expression, et donc à quel point la capacité est affectée","Option 3","Sous lumière bleue, quand la construction GFP est équipée","Les flagelles disparaissent l'un après l'autre, rapidement","Un plasmide - un moyen d'équiper une construction supplémentaire","Elle produit la fluorescence verte","Elle permet de se déplacer plus vite","Elle permet de résister aux antibiotiques","Elle produit la fluorescence verte en présence de l-arabinose","Elle produit la fluorescence verte","Elle permet de se déplacer plus vite","Elle permet de résister aux antibiotiques","Elle produit la fluorescence verte en présence de l-arabinose","A partir du moment où elle serait induite, elle produirait de plus en plus de l-arabinose puisqu'elle s'induirait elle-même","Si elle produisait de la YFP sous lumière cyan","E. Coli","Des flagelles","Ampicilline","J'ai respawn sur un rocher. J'ai dû resté appuyé sur la souris dans une direction pendant 1min pour que la bactérie revienne sur le chemin central et reprendre la partie","18102cfd-8ef0-42f1-9f05-30fc7779979c"
"2017/11/21 11:54:32 AM GMT+1","Beaucoup","Moyennement","22","Femme","Au moins jusqu'au master","Beaucoup","Oui","Non","Non","Non","Non","Non","Modifier l'ADN de la bactérie","Des séquences d'ADN","Terminateur","Prémoteur","Séquence Codante","RBS","Elle indique la fin de la construction","Elle contrôle quand la construction est active","Elle contrôle quelle protéine est produite, et donc quelle capacité est affectée","Elle contrôle le niveau d'expression, et donc à quel point la capacité est affectée","Option 3","Sous lumière bleue, quand la construction GFP est équipée","Les flagelles disparaissent l'un après l'autre, rapidement","Un plasmide - un moyen d'équiper une construction supplémentaire","Elle produit la fluorescence verte","Elle permet de se déplacer plus vite","Elle permet de résister aux antibiotiques","Elle produit la fluorescence verte en présence de l-arabinose","Elle produit la fluorescence verte","Elle permet de se déplacer plus vite","Elle permet de résister aux antibiotiques","Elle produit la fluorescence verte en présence de l-arabinose","A partir du moment où elle serait induite, elle produirait de plus en plus de l-arabinose puisqu'elle s'induirait elle-même","Si elle produisait de la YFP sous lumière cyan","E. Coli","Des flagelles","Ampicilline","","4a859cce-5826-4807-9e1d-4dd5eba16180"
"2017/11/21 11:54:56 AM GMT+1","Enormément","Enormément","21","Femme","Jusqu'au bac","Moyennement","Non","Non","Non","Une fois","Non","Non","Modifier l'ADN de la bactérie","Des séquences d'ADN","Terminateur","Promoteur","Séquence Codante","GFP","Elle indique la fin de la construction","Elle contrôle quand la construction est active","Elle contrôle quelle protéine est produite, et donc quelle capacité est affectée","Elle contrôle le niveau d'expression, et donc à quel point la capacité est affectée","Option 3","Sous lumière bleue, quand la construction GFP est équipée","Les flagelles disparaissent l'un après l'autre, rapidement","Un plasmide - un moyen d'équiper une construction supplémentaire","Elle produit la fluorescence verte","Elle permet de résister aux antibiotiques","Elle permet de se déplacer plus vite","Elle produit la fluorescence verte en présence de l-arabinose","Elle produit la fluorescence verte","Elle permet de se déplacer plus vite","Elle permet de résister aux antibiotiques","Elle produit la fluorescence verte en présence de l-arabinose","A partir du moment où elle serait induite, elle produirait de plus en plus de l-arabinose puisqu'elle s'induirait elle-même","Si elle produisait de la GFP sous lumière jaune","E. Coli","Des flagelles","Ampicilline","","ba202bbc-af77-42e8-85ff-e25b871717d5"
"2017/11/21 12:01:55 PM GMT+1","Moyennement","Moyennement","22","Homme","Au moins jusqu'au master","Moyennement","Oui","Non","Non","Une fois","Non","Non","Modifier l'ADN de la bactérie","Des séquences d'ADN","Terminateur","Promoteur","Fluorescence","RBS","Elle indique la fin de la construction","Elle contrôle quelle protéine est produite, et donc quelle capacité est affectée","Elle contrôle le niveau d'expression, et donc à quel point la capacité est affectée","Elle contrôle le niveau d'expression, et donc à quel point la capacité est affectée","Option 3","Sous lumière bleue, quand la construction GFP est équipée","Les flagelles disparaissent l'un après l'autre, rapidement","Un plasmide - un moyen d'équiper une construction supplémentaire","Elle produit la fluorescence verte","Elle permet de se déplacer plus vite","Elle permet de résister aux antibiotiques","Elle produit la fluorescence verte en présence de l-arabinose","Elle produit la fluorescence verte","Elle permet de se déplacer plus vite","Elle permet de résister aux antibiotiques","Elle produit la fluorescence verte en présence de l-arabinose","A partir du moment où elle serait induite, elle produirait de plus en plus de l-arabinose puisqu'elle s'induirait elle-même","Je ne sais pas","E. Coli","Des flagelles","Ampicilline","","df4f13e0-a9da-4acd-a0a4-d33bb84493d4"
"2017/11/21 12:03:01 PM GMT+1","Un peu","Un peu","21","Femme","Au moins jusqu'au master","Beaucoup","Oui","Non","Non","Quelques fois","Non","Non","Modifier l'ADN de la bactérie","Des séquences d'ADN","Terminateur","Promoteur","Protéine","RBS","Elle indique la fin de la construction","Elle contrôle quand la construction est active","Elle contrôle quelle protéine est produite, et donc quelle capacité est affectée","Elle contrôle le niveau d'expression, et donc à quel point la capacité est affectée","Option 3","Sous lumière bleue, quand la construction GFP est équipée","Les flagelles disparaissent l'un après l'autre, rapidement","Un plasmide - un moyen d'équiper une construction supplémentaire","Elle produit la fluorescence verte","Elle permet de se déplacer plus vite","Elle permet de résister aux antibiotiques","Elle produit la fluorescence verte en présence de l-arabinose","Elle produit la fluorescence verte","Elle permet de se déplacer plus vite","Elle permet de résister aux antibiotiques","Elle produit la fluorescence verte en présence de l-arabinose","Je ne sais pas","Je ne sais pas","E. Coli","Des flagelles","Arabinose","","5ca76986-9cac-4824-82ef-e20b81199e1a"
"2017/11/21 12:07:17 PM GMT+1","Beaucoup","Un peu","22","Homme","Au moins jusqu'au master","Enormément","Oui","Non","Non","Une fois","Non","Non","Modifier l'ADN de la bactérie","Des séquences d'ADN","Terminateur","Promoteur","Séquence Codante","RBS","Elle indique la fin de la construction","Elle contrôle quand la construction est active","Elle contrôle quelle protéine est produite, et donc quelle capacité est affectée","Elle contrôle le niveau d'expression, et donc à quel point la capacité est affectée","Option 3","Sous lumière bleue, quand la construction GFP est équipée","Les flagelles disparaissent l'un après l'autre, rapidement","Un plasmide - un moyen d'équiper une construction supplémentaire","Elle produit la fluorescence verte","Elle permet de se déplacer plus vite","Elle permet de résister aux antibiotiques","Elle produit la fluorescence verte en présence de l-arabinose","Elle produit la fluorescence verte","Elle permet de se déplacer plus vite","Elle permet de résister aux antibiotiques","Elle produit la fluorescence verte en présence de l-arabinose","A partir du moment où elle serait induite, elle produirait de plus en plus de l-arabinose puisqu'elle s'induirait elle-même","Si elle produisait de la YFP sous lumière cyan","E. Coli","Des flagelles","Ampicilline","Cool!","bbca0320-db34-4ce4-ab87-39e303c177c5"
"2017/11/21 12:08:39 PM GMT+1","Moyennement","Moyennement","21","Femme","Au moins jusqu'au master","Moyennement","Non","Non","Non","Une fois","Non","Non","Modifier l'ADN de la bactérie","Des séquences d'ADN","Terminateur","Promoteur","Séquence Codante","RBS","Elle indique la fin de la construction","Elle contrôle quand la construction est active","Elle contrôle quelle protéine est produite, et donc quelle capacité est affectée","Elle contrôle le niveau d'expression, et donc à quel point la capacité est affectée","Option 3","Sous lumière bleue, quand la construction GFP est équipée","Les flagelles disparaissent l'un après l'autre, rapidement","Un plasmide - un moyen d'équiper une construction supplémentaire","Elle produit la fluorescence verte","Elle permet de se déplacer plus vite","Elle permet de résister aux antibiotiques","Elle produit la fluorescence verte en présence de l-arabinose","Elle produit la fluorescence verte","Elle permet de se déplacer plus vite","Elle permet de résister aux antibiotiques","Elle produit la fluorescence verte en présence de l-arabinose","A partir du moment où elle serait induite, elle produirait de plus en plus de l-arabinose puisqu'elle s'induirait elle-même","Si elle produisait de la YFP sous lumière cyan","E. Coli","Des flagelles","Ampicilline","","5e978fb3-316a-42ba-bb58-00856353838d"
"2017/11/21 12:10:24 PM GMT+1","Beaucoup","Beaucoup","22","Femme","Au moins jusqu'au master","Beaucoup","Oui","Non","Non","Une fois","Non","Non","Modifier l'ADN de la bactérie","Des séquences d'ADN","Terminateur","Promoteur","Séquence Codante","RBS","Elle indique la fin de la construction","Elle contrôle quand la construction est active","Elle contrôle quelle protéine est produite, et donc quelle capacité est affectée","Elle contrôle le niveau d'expression, et donc à quel point la capacité est affectée","Option 3","Sous lumière bleue, quand la construction GFP est équipée","Les flagelles disparaissent l'un après l'autre, rapidement","Un plasmide - un moyen d'équiper une construction supplémentaire","Elle produit la fluorescence verte","Elle permet de se déplacer plus vite","Elle permet de résister aux antibiotiques","Elle produit la fluorescence verte en présence de l-arabinose","Elle produit la fluorescence verte","Elle permet de se déplacer plus vite","Elle permet de résister aux antibiotiques","Elle produit la fluorescence verte en présence de l-arabinose","A partir du moment où elle serait induite, elle produirait de plus en plus de l-arabinose puisqu'elle s'induirait elle-même","Si elle produisait de la YFP sous lumière cyan","E. Coli","Des flagelles","Ampicilline","","998cde9b-39cb-49ea-a5b6-d492d4b8d84a"
"2017/11/21 12:11:25 PM GMT+1","Un peu","Un peu","20","Homme","Au moins jusqu'au master","Beaucoup","Non","Non","Non","Non","Non","Non","Modifier l'ADN de la bactérie","Des séquences d'ADN","Terminateur","Promoteur","Séquence Codante","RBS","Elle indique la fin de la construction","Elle contrôle quand la construction est active","Elle contrôle quelle protéine est produite, et donc quelle capacité est affectée","Elle contrôle le niveau d'expression, et donc à quel point la capacité est affectée","Option 3","Sous lumière bleue, quand la construction GFP est équipée","Les flagelles disparaissent l'un après l'autre, rapidement","Un plasmide - un moyen d'équiper une construction supplémentaire","Elle produit la fluorescence verte en présence de l-arabinose","Elle permet de se déplacer plus vite","Elle produit la fluorescence verte","Elle produit la fluorescence verte en présence de l-arabinose","Elle produit la fluorescence verte","Elle permet de se déplacer plus vite","Elle permet de résister aux antibiotiques","Elle produit la fluorescence verte en présence de l-arabinose","Elle ne serait active que dans les nuages de l-arabinose","Si elle produisait de la RFP sous lumière jaune","E. Coli","Des flagelles","Ampicilline","","72002481-18a1-4de2-8749-553bbabe119e"
"2017/11/21 12:11:32 PM GMT+1","Pas du tout","Pas du tout","24","Homme","Au moins jusqu'au master","Enormément","Oui","Non","Non","Une fois","Non","Non","Modifier l'ADN de la bactérie","Des séquences d'ADN","Terminateur","Promoteur","Séquence Codante","RBS","Elle indique la fin de la construction","Elle contrôle quand la construction est active","Elle contrôle quelle protéine est produite, et donc quelle capacité est affectée","Elle contrôle le niveau d'expression, et donc à quel point la capacité est affectée","Option 3","Devant les portes, quand la construction GFP est équipée","Les flagelles disparaissent l'un après l'autre, rapidement","Un plasmide - un moyen d'équiper une construction supplémentaire","Elle produit la fluorescence verte","Elle permet de se déplacer plus vite","Elle permet de résister aux antibiotiques","Elle produit la fluorescence verte en présence de l-arabinose","Elle produit la fluorescence verte","Elle permet de se déplacer plus vite","Elle permet de résister aux antibiotiques","Elle produit la fluorescence verte en présence de l-arabinose","A partir du moment où elle serait induite, elle produirait de plus en plus de l-arabinose puisqu'elle s'induirait elle-même","Je ne sais pas","E. Coli","Des flagelles","Ampicilline","Bon jeu.","44fe6cda-3f3e-4a6d-857e-4f22c3787202"
"2017/11/24 6:25:34 PM GMT+1","Moyennement","Moyennement","18","Femme","Jusqu'à la license","Enormément","Oui","Oui","Une fois","De nombreuses fois","Non","Non","Modifier l'ADN de la bactérie","Des séquences d'ADN","Terminateur","Précurseur","Séquence Codante","RBS","Elle indique la fin de la construction","Elle contrôle quand la construction est active","Elle contrôle quelle protéine est produite, et donc quelle capacité est affectée","Elle contrôle le niveau d'expression, et donc à quel point la capacité est affectée","Option 3","Sous lumière bleue, quand la construction GFP est équipée","Les flagelles disparaissent l'un après l'autre, rapidement","Un plasmide - un moyen d'équiper une construction supplémentaire","Elle produit la fluorescence verte","Elle permet de se déplacer plus vite","Elle permet de résister aux antibiotiques","Elle produit la fluorescence verte en présence de l-arabinose","Elle produit la fluorescence verte","Elle permet de se déplacer plus vite","Elle permet de résister aux antibiotiques","Elle produit la fluorescence verte en présence de l-arabinose","A partir du moment où elle serait induite, elle produirait de plus en plus de l-arabinose puisqu'elle s'induirait elle-même","Si elle produisait de la YFP sous lumière cyan","E. Coli","Des flagelles","Ampicilline","43","fd5864bb-268e-4935-a7bc-3d807ce788b1"