"Timestamp","Are you interested in video games?","Do you play video games?","How old are you?","What is your gender?","How long have you studied biology?","Are you interested in biology?","Before playing Hero.Coli, had you ever heard about synthetic biology?","Before playing Hero.Coli, had you ever heard about BioBricks?","Have you ever played an older version of Hero.Coli before?","Have you played the current version of Hero.Coli?","Have you played the arcade cabinet version of Hero.Coli?","Have you played the Android version of Hero.Coli?","In order to modify the abilities of the bacterium, you have to...","What are BioBricks and devices?","What is the name of this BioBrick?","What is the name of this BioBrick?","What is the name of this BioBrick?","What is the name of this BioBrick?","What does this BioBrick do?","What does this BioBrick do?","What does this BioBrick do?","What does this BioBrick do?","Pick the case where the BioBricks are well-ordered:","When does green fluorescence happen?","What happens when you unequip the movement device?","What is this?","What does this device do?","What does this device do?","What does this device do?","What does this device do?","What does this device do?","What does this device do?","What does this device do?","What does this device do?","Guess: what would a device producing l-arabinose do, if it started with a l-arabinose-induced promoter?","Guess: the bacterium would glow yellow...","What is the species of the bacterium of the game?","What is the scientific name of the tails of the bacterium?","Find the antibiotic:","You can write down remarks here.","Do not edit -  pre-filled anonymous ID"
"2017/08/18 3:22:26 PM GMT+1","Extremely","Extremely","23","Female","Until bachelor's degree","Extremely","Yes","","No","Yes","","","Edit the DNA of the bacterium","DNA sequences","Terminator","Promoter","Fluorescence","RBS","","","","","Option 2","Under blue light, when the GFP device is equipped","Flagella quickly disappear one by one","A plasmid - it makes it possible to equip an additional device","I don't know","I don't know","It generates antibiotic resistance","It generates green fluorescence in presence of l-arabinose","It generates green fluorescence","It makes it possible to move faster","It generates antibiotic resistance","It generates green fluorescence in presence of l-arabinose","After being induced, it would produce more and more l-arabinose, because it would induce itself","I don't know","E. Coli","Flagella","Ampicillin","Your game is amazing. One suggestion. In several points throughout the game i had no idea where to go. maybe a minimap would help","8d352896-a3f1-471c-8439-0f426df901c1"
"2017/09/06 1:28:03 PM GMT+1","Moderately","Moderately","28","Other","Until the end of high school","Moderately","Yes","","No","Yes","","","Edit the DNA of the bacterium","DNA sequences","Terminator","Promoter","Coding Sequence","RBS","","","","","Option 1","Under blue light, when the GFP device is equipped","Flagella quickly disappear one by one","A plasmid - it makes it possible to equip an additional device","It generates green fluorescence","It makes it possible to move faster","It generates antibiotic resistance","It generates green fluorescence in presence of l-arabinose","It generates green fluorescence","It makes it possible to move faster","It generates antibiotic resistance","It generates green fluorescence in presence of l-arabinose","After being induced, it would produce more and more l-arabinose, because it would induce itself","I don't know","E. Coli","Flagella","Ampicillin","This was a nice educational game, thank you for your efforts.","7037c5b2-c286-498e-9784-9a061c778609"
"2017/09/12 9:02:06 AM GMT+1","A lot","Moderately","20","Female","Until bachelor's degree","Moderately","No","","No","Yes","","","Edit the DNA of the bacterium","Genes","Terminator","Promoter","I don't know","ATP","","","","","Option 1","In front of the doors, when the GFP device is equipped","Flagella quickly disappear one by one","A plasmid - it makes it possible to equip an additional device","It generates green fluorescence in presence of l-arabinose","It generates antibiotic resistance","It generates antibiotic resistance","It generates green fluorescence in presence of l-arabinose","It generates green fluorescence in presence of l-arabinose","It makes it possible to move faster","It generates antibiotic resistance","It generates green fluorescence","I don't know","If it produces BFP under purple light","E. Coli","Flagella","Ampicillin","","5c4939b5-425b-4d19-b5d2-0384a515539e"
"2017/09/17 6:34:56 PM GMT+1","Moderately","Moderately","21","Male","Until bachelor's degree","A lot","Yes","","No","Yes","","","Edit the DNA of the bacterium","DNA sequences","Terminator","Promoter","Coding Sequence","RBS","","","","","Option 1","Under blue light, when the GFP device is equipped","Flagella quickly disappear one by one","A plasmid - it makes it possible to equip an additional device","It generates green fluorescence","It makes it possible to move faster","It generates antibiotic resistance","It generates green fluorescence in presence of l-arabinose","It generates green fluorescence","It makes it possible to move faster","It generates antibiotic resistance","It generates green fluorescence in presence of l-arabinose","After being induced, it would produce more and more l-arabinose, because it would induce itself","If it produces YFP under cyan light","E. Coli","Flagella","Ampicillin","Interested to work on Synthetic Biology as a design engineer.","acb9c989-b4a6-4c4d-81cc-6b5783ec71d8"
"2017/10/16 12:46:49 PM GMT+1","Moderately","Rarely","18","Female","Until bachelor's degree","A lot","No","No","No","No","No","No","Edit the DNA of the bacterium","I don't know","Trespasser","I don't know","I don't know","I don't know","I don't know","I don't know","I don't know","I don't know","I don't know","Under blue light, all the time","I don't know","I don't know","","I don't know","I don't know","I don't know","I don't know","I don't know","I don't know","I don't know","I don't know","If it produced YFP under cyan light","I don't know","I don't know","Ampicillin","","1a03bc9e-bed4-4ddd-be7f-af23b1d5eb65"
"2017/10/16 12:48:34 PM GMT+1","A lot","Rarely","19","Female","Until the end of high school","Extremely","Yes","No","No","No","No","No","Edit the DNA of the bacterium","I don't know","I don't know","I don't know","I don't know","I don't know","I don't know","I don't know","I don't know","I don't know","I don't know","I don't know","I don't know","I don't know","I don't know","I don't know","I don't know","I don't know","I don't know","I don't know","I don't know","I don't know","I don't know","I don't know","Hero.Coli","Flagella","I don't know","","3685a015-fa97-4457-ad73-da1c50210fe1"
"2017/10/16 12:50:38 PM GMT+1","Moderately","Moderately","17","Female","Until the end of middle school","A lot","Yes","No","No","No","No","No","I don't know","I don't know","I don't know","I don't know","I don't know","I don't know","I don't know","I don't know","I don't know","I don't know","I don't know","I don't know","I don't know","I don't know","I don't know","I don't know","I don't know","I don't know","I don't know","I don't know","I don't know","I don't know","I don't know","I don't know","E. Coli","Flagella","Ampicillin","","9a2e8271-a84d-4b3c-a670-2d65326ed824"
"2017/10/16 12:50:40 PM GMT+1","Moderately","Rarely","18","Female","Until bachelor's degree","Extremely","Yes","No","No","No","No","No","Edit the DNA of the bacterium","I don't know","I don't know","I don't know","I don't know","I don't know","I don't know","I don't know","I don't know","I don't know","I don't know","Under blue light, when the GFP device is equipped","The bacterium dies","I don't know","I don't know","I don't know","I don't know","I don't know","I don't know","I don't know","I don't know","I don't know","After being induced, it would produce more and more l-arabinose, because it would induce itself","If it produced YFP under cyan light","Hero.Coli","Flagella","Ampicillin","","bfdfd356-5d6f-4696-a2f1-c1dc338aa64b"
"2017/10/16 12:51:49 PM GMT+1","A lot","Moderately","17","Female","Until the end of middle school","Slightly","Yes","No","No","No","No","No","I don't know","I don't know","Transcriptor","Precursor","Coding Sequence","ATP","I don't know","I don't know","I don't know","I don't know","I don't know","Under blue light, when the GFP device is equipped","The bacterium glows","I don't know","I don't know","I don't know","I don't know","I don't know","It generates green fluorescence in presence of l-arabinose","","I don't know","I don't know","I don't know","I don't know","Hero.Coli","Plasmids","Ampicillin","","a7936587-8b71-43b6-9c61-17b2c2b55de3"
"2017/10/16 12:51:54 PM GMT+1","Moderately","Moderately","14","Female","Until bachelor's degree","Extremely","Yes","No","No","No","No","No","Edit the DNA of the bacterium","I don't know","I don't know","I don't know","I don't know","I don't know","I don't know","I don't know","I don't know","I don't know","I don't know","I don't know","I don't know","I don't know","I don't know","I don't know","I don't know","I don't know","I don't know","I don't know","I don't know","I don't know","I don't know","If it produced BFP under purple light","E. Coli","Flagella","Ampicillin","","7ea5c999-8001-4eee-9cdf-580d0783ce5c"
"2017/10/16 12:53:04 PM GMT+1","Slightly","Rarely","18","Female","Until the end of high school","Extremely","Yes","Yes","No","No","No","No","Edit the DNA of the bacterium","RNA sequences","I don't know","I don't know","I don't know","I don't know","I don't know","I don't know","I don't know","I don't know","I don't know","Under blue light, when the GFP device is equipped","I don't know","I don't know","I don't know","I don't know","I don't know","I don't know","I don't know","I don't know","I don't know","I don't know","After being induced, it would produce more and more l-arabinose, because it would induce itself","If it produced YFP under cyan light","E. Coli","I don't know","I don't know","","5977184a-1be2-4725-9b48-f2782dc03efb"
"2017/10/16 12:54:50 PM GMT+1","Moderately","Moderately","18","Female","Until the end of middle school","A lot","Yes","No","No","No","No","No","Edit the DNA of the bacterium","I don't know","I don't know","I don't know","I don't know","I don't know","I don't know","I don't know","I don't know","I don't know","I don't know","Under blue light, when the GFP device is equipped","Flagella quickly disappear one by one","I don't know","It generates green fluorescence","I don't know","I don't know","I don't know","It generates green fluorescence","It makes it possible to move faster","It generates antibiotic resistance","It generates green fluorescence in presence of l-arabinose","It would produce l-arabinose all the time","If it produced YFP under cyan light","Hero.Coli","Flagella","Ampicillin","","e63a2fc6-50bd-4417-a712-fe688bf8e242"
"2017/10/16 12:55:31 PM GMT+1","A lot","A lot","17","Female","Until the end of middle school","A lot","Yes","No","No","No","No","No","Edit the DNA of the bacterium","I don't know","I don't know","I don't know","I don't know","I don't know","I don't know","I don't know","I don't know","I don't know","I don't know","I don't know","I don't know","I don't know","I don't know","I don't know","I don't know","I don't know","It generates green fluorescence","It makes it possible to move faster","It generates antibiotic resistance","It generates green fluorescence in presence of l-arabinose","I don't know","If it produced YFP under cyan light","Hero.Coli","Flagella","Ampicillin","","2b91e6b2-d5ed-42e1-8bf5-dc23aeaf7e6a"
"2017/10/16 12:56:10 PM GMT+1","A lot","A lot","17","Female","Until the end of high school","Moderately","Yes","I don't know","No","No","No","No","Edit the DNA of the bacterium","I don't know","I don't know","I don't know","I don't know","I don't know","I don't know","I don't know","I don't know","I don't know","I don't know","Under blue light, all the time","I don't know","A plasmid - it makes it possible to equip an additional device","I don't know","I don't know","I don't know","I don't know","It generates green fluorescence","It makes it possible to move faster","It generates antibiotic resistance","It generates antibiotic resistance","After being induced, it would produce more and more l-arabinose, because it would induce itself","If it produced YFP under cyan light","Hero.Coli","Flagella","Ampicillin","","bffd0877-e77e-470a-b0f9-a9cdc6ff0a09"
"2017/10/16 12:56:26 PM GMT+1","Extremely","Extremely","19","Male","Until bachelor's degree","A lot","Yes","No","No","No","No","No","Edit the DNA of the bacterium","I don't know","I don't know","I don't know","I don't know","I don't know","I don't know","I don't know","I don't know","I don't know","I don't know","I don't know","I don't know","I don't know","I don't know","I don't know","I don't know","I don't know","I don't know","I don't know","I don't know","I don't know","I don't know","I don't know","E. Coli","Flagella","I don't know","","97f6ae4f-e2a6-4721-8936-f759c8867f6a"
"2017/10/16 12:58:47 PM GMT+1","Slightly","Rarely","18","Female","Until the end of high school","Moderately","No","No","No","No","No","No","I don't know","I don't know","I don't know","I don't know","I don't know","I don't know","I don't know","I don't know","I don't know","I don't know","I don't know","I don't know","I don't know","I don't know","I don't know","I don't know","I don't know","I don't know","I don't know","I don't know","I don't know","I don't know","I don't know","I don't know","I don't know","I don't know","I don't know","I feel like I don't know anything.. ","3ef14300-4987-4b54-a56c-5b6d1f8a24a1"
"2017/10/16 1:01:02 PM GMT+1","Extremely","A lot","18","Female","Until bachelor's degree","A lot","I don't know","No","No","No","No","No","I don't know","I don't know","I don't know","I don't know","I don't know","I don't know","I don't know","I don't know","I don't know","I don't know","I don't know","I don't know","I don't know","I don't know","I don't know","I don't know","I don't know","I don't know","I don't know","I don't know","I don't know","I don't know","I don't know","If it produced RFP under yellow light","I don't know","Flagella","Ampicillin","","6b5d392d-b737-49ef-99af-e8c445ff6379"
"2017/10/16 1:04:27 PM GMT+1","Slightly","Rarely","18 ","Female","Until bachelor's degree","Extremely","Yes","No","No","No","No","No","Edit the DNA of the bacterium","I don't know","Translator","I don't know","I don't know","I don't know","I don't know","I don't know","I don't know","I don't know","I don't know","I don't know","I don't know","I don't know","I don't know","I don't know","I don't know","I don't know","I don't know","I don't know","I don't know","I don't know","I don't know","If it produced YFP under cyan light","E. Coli","I don't know","Ampicillin","","5ecf601d-4eac-433e-8056-3a5b9eda0555"
"2017/10/16 2:07:57 PM GMT+1","A lot","Rarely","18","Female","Until the end of middle school","A lot","Yes","No","No","No","No","No","Edit the DNA of the bacterium","DNA sequences","Transcriptor","Promoter","Coding Sequence","RBS","It shows the end of the device","It controls when the device is active","It controls which protein is produced, and thus which ability is affected","It controls the level of expression, and thus how much the ability will be affected","Option 1","Under blue light, when the GFP device is equipped","Flagella quickly disappear one by one","A plasmid - it makes it possible to equip an additional device","It generates green fluorescence","It makes it possible to move faster","It generates antibiotic resistance","It generates green fluorescence in presence of l-arabinose","It generates green fluorescence in presence of l-arabinose","It makes it possible to move faster","It generates antibiotic resistance","It generates green fluorescence","It would be active only in l-arabinose clouds","If it produced YFP under cyan light","Hero.Coli","Flagella","Ampicillin","","00dbbdca-d86c-4bc9-803c-0602e0153f68"
"2017/10/16 2:11:47 PM GMT+1","Moderately","Rarely","19","Female","Until the end of high school","A lot","Yes","Yes","No","Once","No","No","Edit the DNA of the bacterium","DNA sequences","Terminator","Procuror","Coding Sequence","I don't know","It shows the end of the device","It controls when the device is active","It controls which protein is produced, and thus which ability is affected","It controls the level of expression, and thus how much the ability will be affected","Option 1","Under blue light, when the GFP device is equipped","Flagella quickly disappear one by one","A plasmid - it makes it possible to equip an additional device","It generates green fluorescence in presence of l-arabinose","It makes it possible to move faster","It generates antibiotic resistance","It generates green fluorescence","It generates green fluorescence","It makes it possible to move faster","It generates antibiotic resistance","It generates green fluorescence","It would be active only in l-arabinose clouds","If it produced YFP under cyan light","Cellia","Flagella","Ampicillin","","3685a015-fa97-4457-ad73-da1c50210fe1"
"2017/10/16 2:14:17 PM GMT+1","Slightly","Rarely","18","Female","Until the end of high school","Extremely","Yes","Yes","No","Once","No","No","Edit the DNA of the bacterium","DNA sequences","Terminator","Promoter","Coding Sequence","I don't know","It shows the end of the device","It controls when the device is active","It controls which protein is produced, and thus which ability is affected","It controls the level of expression, and thus how much the ability will be affected","Option 1","Under blue light, when the GFP device is equipped","Flagella quickly disappear one by one","A plasmid - it makes it possible to equip an additional device","It generates green fluorescence","It makes it possible to move faster","It generates antibiotic resistance","It generates green fluorescence in presence of l-arabinose","It generates green fluorescence","It makes it possible to move faster","It generates antibiotic resistance","It generates green fluorescence in presence of l-arabinose","After being induced, it would produce more and more l-arabinose, because it would induce itself","If it produced YFP under cyan light","Hero.Coli","Flagella","Ampicillin","","5977184a-1be2-4725-9b48-f2782dc03efb"
"2017/10/16 2:18:50 PM GMT+1","Slightly","Rarely","18","Female","Until the end of high school","Moderately","No","Yes","No","Once","No","No","Divide the bacterium","I don't know","Terminator","I don't know","Fluorescence","GFP","It controls the level of expression, and thus how much the ability will be affected","I don't know","It controls which protein is produced, and thus which ability is affected","I don't know","Option 1","Under blue light, when the GFP device is equipped","Nothing","A plasmid - it makes it possible to equip an additional device","It generates green fluorescence in presence of l-arabinose","It makes it possible to move faster","I don't know","I don't know","It generates green fluorescence in presence of l-arabinose","It makes it possible to move faster","It generates antibiotic resistance","I don't know","I don't know","If it produced YFP under cyan light","E. Coli","Flagella","Ampicillin","","3ef14300-4987-4b54-a56c-5b6d1f8a24a1"
"2017/10/16 2:22:25 PM GMT+1","Slightly","Rarely","18","Female","Until bachelor's degree","Extremely","Yes","Yes","No","Once","No","No","Edit the DNA of the bacterium","DNA sequences","Terminator","Promoter","Protein","RBS","It shows the end of the device","It controls when the device is active","It controls which protein is produced, and thus which ability is affected","It controls the level of expression, and thus how much the ability will be affected","Option 1","Under blue light, when the GFP device is equipped","Flagella quickly disappear one by one","A plasmid - it makes it possible to equip an additional device","It generates green fluorescence","It makes it possible to move faster","It generates antibiotic resistance","It generates green fluorescence in presence of l-arabinose","It generates green fluorescence","It makes it possible to move faster","It generates antibiotic resistance","It generates green fluorescence in presence of l-arabinose","It would be active only in l-arabinose clouds","If it produced GFP under yellow light","E. Coli","Flagella","Ampicillin","","5ecf601d-4eac-433e-8056-3a5b9eda0555"
"2017/10/16 2:22:44 PM GMT+1","A lot","A lot","17","Female","Until the end of high school","A lot","Yes","Yes","No","Multiple times","No","No","Edit the DNA of the bacterium","RNA sequences","Transcriptor","Promoter","Coding Sequence","GFP","It shows the end of the device","It controls when the device is active","It controls which protein is produced, and thus which ability is affected","It controls the level of expression, and thus how much the ability will be affected","Option 1","Under blue light, all the time","Flagella quickly disappear one by one","A plasmid - it makes it possible to equip an additional device","It generates green fluorescence in presence of l-arabinose","It makes it possible to move faster","It generates antibiotic resistance","It generates green fluorescence in presence of l-arabinose","It generates green fluorescence","It makes it possible to move faster","It generates antibiotic resistance","It generates green fluorescence in presence of l-arabinose","After being induced, it would produce more and more l-arabinose, because it would induce itself","If it produced YFP under cyan light","E. Coli","Flagella","Ampicillin","","bffd0877-e77e-470a-b0f9-a9cdc6ff0a09"
"2017/10/19 11:57:15 AM GMT+1","A lot","Moderately","22","Female","Until bachelor's degree","A lot","Yes","No","No","Once","No","Once","Edit the DNA of the bacterium","DNA sequences","Terminator","Promoter","Coding Sequence","RBS","It shows the end of the device","It controls when the device is active","It controls which protein is produced, and thus which ability is affected","It controls the level of expression, and thus how much the ability will be affected","Option 2","Under blue light, when the GFP device is equipped","Flagella quickly disappear one by one","A plasmid - it makes it possible to equip an additional device","It makes it possible to move faster","It makes it possible to move faster","It generates antibiotic resistance","It generates green fluorescence in presence of l-arabinose","It generates green fluorescence in presence of l-arabinose","It makes it possible to move faster","It generates antibiotic resistance","It generates green fluorescence","It would be active only in l-arabinose clouds","If it produced YFP under cyan light","E. Coli","Flagella","Ampicillin","","1f27519a-971f-4e39-bac7-9920bfc4b05b"
"2017/10/22 9:00:20 AM GMT+1","A lot","Moderately","24","Male","Until the end of middle school","A lot","No","No","No","Once","No","No","Edit the DNA of the bacterium","RNA sequences","Terminator","Promoter","Protein","RBS","It shows the end of the device","It controls when the device is active","It controls which protein is produced, and thus which ability is affected","It controls the level of expression, and thus how much the ability will be affected","Option 1","Under blue light, when the GFP device is equipped","Flagella quickly disappear one by one","A plasmid - it makes it possible to equip an additional device","It generates green fluorescence in presence of l-arabinose","It makes it possible to move faster","It generates antibiotic resistance","It generates green fluorescence in presence of l-arabinose","It generates green fluorescence","It makes it possible to move faster","It generates antibiotic resistance","It generates green fluorescence in presence of l-arabinose","After being induced, it would produce more and more l-arabinose, because it would induce itself","If it produced YFP under cyan light","E. Coli","Flagella","Ampicillin","","d3cf1687-6c27-45e7-ada7-6619ef639dbe"
"2017/10/25 10:29:57 PM GMT+1","A lot","Moderately","24","Male","Until bachelor's degree","A lot","Yes","No","No","Once","No","No","Edit the DNA of the bacterium","DNA sequences","Terminator","Promoter","Coding Sequence","RBS","It shows the end of the device","It controls when the device is active","It controls which protein is produced, and thus which ability is affected","It controls the level of expression, and thus how much the ability will be affected","Option 1","Under blue light, when the GFP device is equipped","Flagella quickly disappear one by one","A plasmid - it makes it possible to equip an additional device","It generates green fluorescence","It makes it possible to move faster","It generates antibiotic resistance","It generates green fluorescence in presence of l-arabinose","It generates green fluorescence","It makes it possible to move faster","It generates antibiotic resistance","It generates green fluorescence in presence of l-arabinose","After being induced, it would produce more and more l-arabinose, because it would induce itself","If it produced YFP under cyan light","E. Coli","Flagella","Ampicillin","","8ca16c7a-70a6-4723-bd72-65b8485a2e86"
"2017/10/26 3:44:06 PM GMT+1","A lot","Extremely","19","Male","Until bachelor's degree","A lot","Yes","Yes","No","No","No","No","Edit the DNA of the bacterium","DNA sequences","I don't know","I don't know","I don't know","I don't know","I don't know","I don't know","I don't know","I don't know","I don't know","I don't know","I don't know","I don't know","I don't know","I don't know","I don't know","I don't know","I don't know","I don't know","I don't know","I don't know","I don't know","If it produced YFP under cyan light","E. Coli","Flagella","Ampicillin","","74cfbbd0-eb35-467c-9bad-221ac73a7444"
"2017/11/12 6:04:19 PM GMT+1","Moderately","Moderately","23","Female","Until the end of high school","A lot","I don't know","I don't know","No","No","No","No","I don't know","I don't know","I don't know","I don't know","I don't know","I don't know","I don't know","I don't know","I don't know","I don't know","I don't know","I don't know","I don't know","I don't know","I don't know","I don't know","I don't know","I don't know","I don't know","I don't know","I don't know","I don't know","I don't know","I don't know","I don't know","I don't know","I don't know","","e16c0b19-a5c1-4c2d-ad0b-f54d96bced69"
"2017/11/12 8:24:36 PM GMT+1","A lot","A lot","18","Male","Until the end of middle school","A lot","Yes","Yes","No","No","No","No","I don't know","I don't know","I don't know","Protomer","I don't know","I don't know","I don't know","I don't know","I don't know","I don't know","I don't know","I don't know","I don't know","I don't know","I don't know","I don't know","I don't know","I don't know","I don't know","I don't know","I don't know","I don't know","I don't know","I don't know","E. Coli","I don't know","I don't know","","9ee4164c-8a5b-4ebc-98ec-9aef76badf6b"
"2017/11/13 12:06:05 AM GMT+1","Moderately","Moderately","23","Female","Until the end of high school","A lot","I don't know","I don't know","No","Once","No","No","Edit the DNA of the bacterium","DNA sequences","Terminator","Promoter","I don't know","GFP","It shows the end of the device","It controls when the device is active","It controls which protein is produced, and thus which ability is affected","It controls the level of expression, and thus how much the ability will be affected","Option 1","Under blue light, when the GFP device is equipped","Flagella quickly disappear one by one","A plasmid - it makes it possible to equip an additional device","It generates green fluorescence","It makes it possible to move faster","It generates antibiotic resistance","It generates green fluorescence in presence of l-arabinose","It generates green fluorescence","It makes it possible to move faster","It generates antibiotic resistance","It generates green fluorescence in presence of l-arabinose","After being induced, it would produce more and more l-arabinose, because it would induce itself","If it produced YFP under cyan light","Hero.Coli","Flagella","Ampicillin","","e16c0b19-a5c1-4c2d-ad0b-f54d96bced69"
"2017/11/16 3:27:55 PM GMT+1","Moderately","Rarely","21","Female","At least until master's degree","A lot","Yes","No","No","Once","No","No","Edit the DNA of the bacterium","DNA sequences","I don't know","Promoter","Coding Sequence","RBS","I don't know","It controls when the device is active","I don't know","It controls the level of expression, and thus how much the ability will be affected","Option 4","Under blue light, when the GFP device is equipped","Flagella quickly disappear one by one","A plasmid - it makes it possible to equip an additional device","It generates green fluorescence","It makes it possible to move faster","It generates antibiotic resistance","It generates green fluorescence in presence of l-arabinose","It generates green fluorescence","It makes it possible to move faster","It generates antibiotic resistance","It generates green fluorescence in presence of l-arabinose","After being induced, it would produce more and more l-arabinose, because it would induce itself","If it produced YFP under cyan light","E. Coli","Flagella","Ampicillin","","fad5b543-2e7f-48be-ad1b-5398dc720539"
"2017/11/17 2:19:26 PM GMT+1","Moderately","Moderately","14","Female","Until bachelor's degree","Extremely","Yes","No","No","Once","No","No","Edit the DNA of the bacterium","DNA sequences","Terminator","Promoter","Coding Sequence","RBS","It shows the end of the device","It controls which protein is produced, and thus which ability is affected","It controls when the device is active","It controls the level of expression, and thus how much the ability will be affected","Option 1","Under blue light, when the GFP device is equipped","Flagella quickly disappear one by one","A plasmid - it makes it possible to equip an additional device","It generates green fluorescence","It makes it possible to move faster","It generates antibiotic resistance","It generates green fluorescence in presence of l-arabinose","It generates green fluorescence","It makes it possible to move faster","It generates antibiotic resistance","It generates green fluorescence in presence of l-arabinose","It would be active only in l-arabinose clouds","If it produced YFP under cyan light","E. Coli","Flagella","Ampicillin","numéro d'élève : 1","d4179256-4a86-4e91-9ffb-9235c56ac203"
"2017/11/19 8:37:42 PM GMT+1","Extremely","A lot","18","Female","Until bachelor's degree","A lot","No","No","I don't know","Once","No","No","Edit the DNA of the bacterium","I don't know","Transcriptor","Promoter","I don't know","I don't know","I don't know","I don't know","I don't know","I don't know","Option 1","Under blue light, when the GFP device is equipped","I don't know","I don't know","I don't know","I don't know","I don't know","I don't know","I don't know","I don't know","I don't know","I don't know","I don't know","I don't know","Cellia","Flagella","Ampicillin","44","6b5d392d-b737-49ef-99af-e8c445ff6379"
"2017/11/20 12:02:28 PM GMT+1","Moderately","Moderately","18","Male","Until bachelor's degree","Extremely","I don't know","No","No","Once","No","No","Edit the DNA of the bacterium","DNA sequences","Terminator","Protomer","Coding Sequence","GFP","It shows the end of the device","It controls when the device is active","It controls which protein is produced, and thus which ability is affected","It controls the level of expression, and thus how much the ability will be affected","Option 1","Under blue light, when the GFP device is equipped","Flagella quickly disappear one by one","A plasmid - it makes it possible to equip an additional device","It generates green fluorescence","It makes it possible to move faster","I don't know","It generates green fluorescence in presence of l-arabinose","It generates green fluorescence","It makes it possible to move faster","It generates antibiotic resistance","It generates green fluorescence in presence of l-arabinose","It would produce l-arabinose all the time","If it produced BFP under purple light","E. Coli","Flagella","Ampicillin","4","4cd1abad-a077-46a1-bbe4-7a83594de09e"
"2017/11/21 10:57:04 AM GMT+1","Extremely","A lot","24","Female","Until bachelor's degree","A lot","No","No","No","No","No","No","Edit the DNA of the bacterium","DNA sequences","I don't know","I don't know","I don't know","I don't know","I don't know","I don't know","I don't know","I don't know","I don't know","I don't know","Flagella quickly disappear one by one","A plasmid - it makes it possible to equip an additional device","I don't know","I don't know","I don't know","I don't know","It generates green fluorescence in presence of l-arabinose","It makes it possible to move faster","It generates antibiotic resistance","It generates green fluorescence","After being induced, it would produce more and more l-arabinose, because it would induce itself","I don't know","Hero.Coli","Flagella","Ampicillin","","0ceae1e4-b8c8-4578-a157-4facbff9f899"
"2017/11/21 10:59:37 AM GMT+1","Moderately","Rarely","23","Male","At least until master's degree","A lot","Yes","No","No","No","No","No","I don't know","I don't know","I don't know","I don't know","I don't know","I don't know","I don't know","I don't know","I don't know","I don't know","I don't know","I don't know","I don't know","I don't know","I don't know","I don't know","I don't know","I don't know","I don't know","I don't know","I don't know","I don't know","I don't know","If it produced YFP under cyan light","I don't know","Flagella","I don't know","","d10a70ec-0d38-4332-bfdb-cfdc38ef9603"
"2017/11/21 11:01:08 AM GMT+1","Moderately","Rarely","22","Female","At least until master's degree","Extremely","Yes","No","No","No","No","No","Edit the DNA of the bacterium","I don't know","Transcriptor","Promoter","Coding Sequence","RBS","It controls the level of expression, and thus how much the ability will be affected","It controls the level of expression, and thus how much the ability will be affected","I don't know","I don't know","Option 2","Under blue light, when the GFP device is equipped","Nothing","A plasmid - it makes it possible to equip an additional device","It generates green fluorescence","It generates green fluorescence in presence of l-arabinose","It generates antibiotic resistance","It generates green fluorescence","It generates green fluorescence","It generates green fluorescence in presence of l-arabinose","It generates antibiotic resistance","It generates green fluorescence","I don't know","I don't know","E. Coli","Flagella","Ampicillin","","649ca070-48aa-43a9-a43e-5fbf2464f5d7"
"2017/11/21 11:02:18 AM GMT+1","Moderately","Rarely","23","Female","At least until master's degree","Extremely","Yes","No","No","No","No","No","Edit the DNA of the bacterium","DNA sequences","Transcriptor","Promoter","Coding Sequence","I don't know","I don't know","It controls when the device is active","It controls when the device is active","I don't know","Option 2","In front of the doors, when the GFP device is equipped","I don't know","A plasmid - it makes it possible to equip an additional device","It generates green fluorescence in presence of l-arabinose","It makes it possible to move faster","It generates antibiotic resistance","It generates green fluorescence","It generates green fluorescence","It makes it possible to move faster","It generates antibiotic resistance","It generates green fluorescence","After being induced, it would produce more and more l-arabinose, because it would induce itself","If it produced YFP under cyan light","E. Coli","Flagella","Ampicillin","interesting QCM","3fe0632f-b218-41c3-adfd-27083f271c19"
"2017/11/21 11:49:44 AM GMT+1","Moderately","Rarely","23","Male","At least until master's degree","A lot","Yes","No","No","Once","No","No","Edit the DNA of the bacterium","DNA sequences","Terminator","Promoter","Coding Sequence","RBS","It shows the end of the device","It controls when the device is active","It controls which protein is produced, and thus which ability is affected","It controls the level of expression, and thus how much the ability will be affected","Option 1","Under blue light, when the GFP device is equipped","Flagella quickly disappear one by one","A plasmid - it makes it possible to equip an additional device","It generates green fluorescence","It makes it possible to move faster","It generates antibiotic resistance","It generates green fluorescence in presence of l-arabinose","It generates green fluorescence","It makes it possible to move faster","It generates antibiotic resistance","It generates green fluorescence in presence of l-arabinose","After being induced, it would produce more and more l-arabinose, because it would induce itself","If it produced YFP under cyan light","E. Coli","Flagella","Ampicillin","","d10a70ec-0d38-4332-bfdb-cfdc38ef9603"
"2017/11/21 12:06:49 PM GMT+1","Slightly","Rarely","23","Female","At least until master's degree","Extremely","Yes","Yes","No","No","No","No","Edit the DNA of the bacterium","DNA sequences","Transcriptor","Promoter","Fluorescence","RBS","It controls the level of expression, and thus how much the ability will be affected","It controls the level of expression, and thus how much the ability will be affected","It controls when the device is active","It controls the level of expression, and thus how much the ability will be affected","Option 1","Under blue light, when the GFP device is equipped","Flagella quickly disappear one by one","A plasmid - it makes it possible to equip an additional device","It generates green fluorescence","It makes it possible to move faster","It generates antibiotic resistance","It generates green fluorescence","It generates green fluorescence","It makes it possible to move faster","It generates antibiotic resistance","It generates green fluorescence in presence of l-arabinose","After being induced, it would produce more and more l-arabinose, because it would induce itself","If it produced YFP under cyan light","Cellia","Flagella","Ampicillin","","3fe0632f-b218-41c3-adfd-27083f271c19"
"2017/11/21 12:09:53 PM GMT+1","Moderately","Moderately","22","Prefer not to say","At least until master's degree","Extremely","Yes","No","No","No","No","No","Edit the DNA of the bacterium","DNA sequences","Terminator","Promoter","Coding Sequence","RBS","It shows the end of the device","It controls which protein is produced, and thus which ability is affected","It controls which protein is produced, and thus which ability is affected","It controls the level of expression, and thus how much the ability will be affected","Option 1","Under blue light, when the GFP device is equipped","The bacterium glows","A plasmid - it makes it possible to equip an additional device","It generates green fluorescence in presence of l-arabinose","It makes it possible to move faster","It generates antibiotic resistance","It generates green fluorescence","It generates green fluorescence","It makes it possible to move faster","It generates antibiotic resistance","It generates green fluorescence in presence of l-arabinose","It would be active only in l-arabinose clouds","If it produced RFP under yellow light","E. Coli","Flagella","Ampicillin","Fun, beau graphisme, instructif","649ca070-48aa-43a9-a43e-5fbf2464f5d7"
"2017/11/21 8:31:10 PM GMT+1","Not at all","Not at all","18","Male","Until bachelor's degree","Extremely","Yes","Yes","No","Once","No","No","Edit the DNA of the bacterium","DNA sequences","Terminator","Promoter","Coding Sequence","RBS","It shows the end of the device","It controls when the device is active","It controls which protein is produced, and thus which ability is affected","It controls the level of expression, and thus how much the ability will be affected","Option 1","Under blue light, when the GFP device is equipped","Flagella quickly disappear one by one","A plasmid - it makes it possible to equip an additional device","It generates green fluorescence","It makes it possible to move faster","It generates antibiotic resistance","It generates green fluorescence in presence of l-arabinose","It generates green fluorescence","It makes it possible to move faster","It generates antibiotic resistance","It generates green fluorescence in presence of l-arabinose","After being induced, it would produce more and more l-arabinose, because it would induce itself","If it produced YFP under cyan light","E. Coli","Flagella","Ampicillin","","6a90224e-ff76-4bf8-9784-f2b257b974c1"
"2017/11/30 10:14:06 PM GMT+1","Extremely","Extremely","7","Other","At least until master's degree","A lot","Yes","No","No","Once","I don't know","No","Edit the DNA of the bacterium","I don't know","Trespasser","Procuror","Fluorescence","GFP","It shows the end of the device","It controls when the device is active","I don't know","It controls when the device is active","Option 2","In front of the doors, all the time","The bacterium glows","A nanobot - a game bonus","It generates green fluorescence","It generates green fluorescence","It makes it possible to move faster","It generates antibiotic resistance","It makes it possible to move faster","It generates green fluorescence","It generates green fluorescence in presence of l-arabinose","It makes it possible to move faster","It would produce l-arabinose all the time","If it produced RFP under yellow light","Nanobot","Fins","Terminator","I tried to play this but my mommy's alienware computer was slower than my dad's windows 95 playing need for speed 8 as i was racing the cops on max fps. this game wundt even fit in my fullscreen window ","af0e03b4-6016-4ca1-8482-dbb8fa0ae457"
"2017/12/09 11:06:48 PM GMT+1","Extremely","A lot","15","Male","Until the end of high school","Moderately","No","No","No","No","No","No","I don't know","I don't know","I don't know","I don't know","I don't know","I don't know","I don't know","I don't know","I don't know","I don't know","I don't know","I don't know","The bacterium dies","I don't know","I don't know","I don't know","I don't know","I don't know","I don't know","I don't know","I don't know","It generates green fluorescence","After being induced, it would produce more and more l-arabinose, because it would induce itself","If it produced RFP under yellow light","E. Coli","Flagella","Ampicillin","","3505d082-e62f-4d76-8dda-4ca6dc2d7c6c"
"2017/12/10 3:18:15 PM GMT+1","Slightly","Rarely","32","Female","At least until master's degree","Extremely","Yes","Yes","No","No","No","No","Edit the DNA of the bacterium","DNA sequences","I don't know","Promoter","Coding Sequence","I don't know","I don't know","It controls when the device is active","It controls which protein is produced, and thus which ability is affected","I don't know","I don't know","Under blue light, when the GFP device is equipped","Nothing","A plasmid - it makes it possible to equip an additional device","I don't know","I don't know","I don't know","I don't know","I don't know","I don't know","I don't know","It generates green fluorescence in presence of l-arabinose","I don't know","I don't know","E. Coli","Flagella","Ampicillin","I am looking forward to playing this game.","f8506e50-a569-4bab-88cd-4a0237aeb197"
"2017/12/11 6:09:18 PM GMT+1","Moderately","Moderately","41","Female","Until the end of high school","Extremely","Yes","Yes","No","No","No","No","Edit the DNA of the bacterium","DNA sequences","Terminator","Promoter","Fluorescence","GFP","It shows the end of the device","It controls which protein is produced, and thus which ability is affected","It controls when the device is active","It controls the level of expression, and thus how much the ability will be affected","Option 1","Under blue light, when the GFP device is equipped","The bacterium glows","A plasmid - it makes it possible to equip an additional device","It generates green fluorescence","It makes it possible to move faster","It generates antibiotic resistance","It generates green fluorescence in presence of l-arabinose","It generates green fluorescence","It makes it possible to move faster","It generates antibiotic resistance","It generates green fluorescence in presence of l-arabinose","After being induced, it would produce more and more l-arabinose, because it would induce itself","If it produced YFP under cyan light","E. Coli","Flagella","Ampicillin","","b10050f7-aad0-4a7f-8f6f-46ad56ca1bbe"
"2017/12/12 9:36:02 PM GMT+1","Extremely","Extremely","20","Male","At least until master's degree","A lot","No","No","No","No","No","No","Edit the DNA of the bacterium","I don't know","I don't know","I don't know","I don't know","I don't know","I don't know","I don't know","I don't know","I don't know","I don't know","I don't know","I don't know","A plasmid - it makes it possible to equip an additional device","I don't know","I don't know","I don't know","I don't know","It generates green fluorescence","It makes it possible to move faster","It generates antibiotic resistance","It generates green fluorescence in presence of l-arabinose","I don't know","I don't know","E. Coli","Flagella","Ampicillin","","94ce899a-9720-49bd-b6b2-7118b767298c"
"2017/12/16 7:06:40 PM GMT+1","Not at all","Not at all","45","Female","At least until master's degree","Extremely","Yes","Yes","No","No","No","No","Edit the DNA of the bacterium","DNA sequences","Transcriptor","Promoter","Coding Sequence","RBS","It controls when the device is active","It controls the level of expression, and thus how much the ability will be affected","It controls which protein is produced, and thus which ability is affected","It controls which protein is produced, and thus which ability is affected","Option 4","Under blue light, when the GFP device is equipped","The bacterium dies","A plasmid - it makes it possible to equip an additional device","It generates green fluorescence","It generates green fluorescence in presence of l-arabinose","It generates antibiotic resistance","It generates green fluorescence in presence of l-arabinose","It generates green fluorescence","It generates antibiotic resistance","It generates antibiotic resistance","It generates green fluorescence in presence of l-arabinose","It would be active only in l-arabinose clouds","If it produced YFP under cyan light","Hero.Coli","Flagella","Ampicillin","","96d38110-1976-438d-9c78-dc3009e60aae"
"2017/12/18 9:30:50 AM GMT+1","Not at all","Not at all","37","Prefer not to say","At least until master's degree","Extremely","Yes","Yes","Once","No","No","No","Edit the DNA of the bacterium","DNA sequences","Terminator","Promoter","Coding Sequence","I don't know","It shows the end of the device","It controls the level of expression, and thus how much the ability will be affected","It controls which protein is produced, and thus which ability is affected","I don't know","I don't know","Under blue light, when the GFP device is equipped","Flagella quickly disappear one by one","A plasmid - it makes it possible to equip an additional device","It generates green fluorescence","It makes it possible to move faster","It generates antibiotic resistance","It generates green fluorescence in presence of l-arabinose","It generates green fluorescence","It makes it possible to move faster","It generates antibiotic resistance","It generates green fluorescence in presence of l-arabinose","After being induced, it would produce more and more l-arabinose, because it would induce itself","If it produced YFP under cyan light","E. Coli","Flagella","Ampicillin","","95f17a79-2679-4ac3-963a-017c38f9a889"
"2017/12/19 4:45:46 PM GMT+1","Extremely","Moderately","16","Prefer not to say","Until the end of high school","A lot","Yes","No","No","No","No","No","Edit the DNA of the bacterium","I don't know","I don't know","I don't know","I don't know","I don't know","I don't know","I don't know","I don't know","I don't know","I don't know","I don't know","I don't know","I don't know","I don't know","I don't know","I don't know","I don't know","I don't know","I don't know","I don't know","I don't know","I don't know","I don't know","E. Coli","Flagella","Ampicillin","","69b506b3-6130-4e75-a0a5-134e8d320d45"
"2017/12/20 3:03:57 AM GMT+1","Moderately","Moderately","24","Male","I don't know","I don't know","I don't know","I don't know","I don't know","I don't know","I don't know","I don't know","Move the bacterium","DNA sequences","Transcriptor","I don't know","Ribosome","I don't know","It shows the end of the device","It controls when the device is active","It controls when the device is active","I don't know","I don't know","Under blue light, when the GFP device is equipped","I don't know","An induced promoter, which works only in arabinose","It generates green fluorescence","It generates green fluorescence in presence of l-arabinose","It generates green fluorescence","It makes it possible to move faster","It generates antibiotic resistance","I don't know","It generates green fluorescence","I don't know","It would produce nothing since it induces itself","If it produced GFP under yellow light","I don't know","Flagella","I don't know","","aea0072d-c0bb-41c4-8833-e0fdab8f489b"
"2017/12/20 4:31:24 PM GMT+1","A lot","A lot","51","Male","Not even in middle school","A lot","Yes","No","No","No","No","No","I don't know","I don't know","I don't know","I don't know","I don't know","I don't know","I don't know","I don't know","I don't know","I don't know","I don't know","I don't know","I don't know","I don't know","I don't know","I don't know","I don't know","I don't know","I don't know","I don't know","I don't know","I don't know","I don't know","I don't know","I don't know","I don't know","I don't know","","9792b114-02f6-43bf-953f-4d83ca8a8a79"
"2017/12/20 4:37:04 PM GMT+1","A lot","A lot","51","Male","Not even in middle school","A lot","Yes","No","No","No","No","No","I don't know","I don't know","I don't know","I don't know","I don't know","I don't know","I don't know","I don't know","I don't know","I don't know","I don't know","I don't know","I don't know","I don't know","I don't know","I don't know","I don't know","I don't know","I don't know","I don't know","I don't know","I don't know","I don't know","I don't know","I don't know","I don't know","I don't know","","422cd822-133f-44a5-82d6-f7d345235996"
"2017/12/22 12:17:32 PM GMT+1","Extremely","A lot","33","Male","At least until master's degree","Extremely","Yes","Yes","No","No","No","No","Edit the DNA of the bacterium","DNA sequences","Terminator","Promoter","Coding Sequence","RBS","It shows the end of the device","It controls the level of expression, and thus how much the ability will be affected","It controls which protein is produced, and thus which ability is affected","I don't know","Option 1","Under blue light, when the GFP device is equipped","Flagella quickly disappear one by one","A plasmid - it makes it possible to equip an additional device","It generates green fluorescence","It makes it possible to move faster","It generates antibiotic resistance","It generates green fluorescence","It generates green fluorescence","It makes it possible to move faster","It generates antibiotic resistance","It generates green fluorescence in presence of l-arabinose","After being induced, it would produce more and more l-arabinose, because it would induce itself","If it produced YFP under cyan light","Hero.Coli","Flagella","Ampicillin","","9e1b998e-21f8-43bb-9950-502f3ec452a2"
"2017/12/22 9:53:46 PM GMT+1","Moderately","Moderately","20","Male","Until bachelor's degree","Extremely","Yes","Yes","No","No","No","No","Edit the DNA of the bacterium","DNA sequences","Terminator","Promoter","Coding Sequence","GFP","I don't know","I don't know","I don't know","I don't know","I don't know","I don't know","Nothing","A nanobot - a game bonus","It generates green fluorescence","It generates green fluorescence","I don't know","I don't know","I don't know","I don't know","I don't know","I don't know","I don't know","I don't know","E. Coli","I don't know","I don't know","","2947f6cb-b2ae-48ee-a885-178fa859f257"
"2017/12/25 7:51:12 AM GMT+1","Extremely","Extremely","27","Male","Until the end of high school","Moderately","Yes","Yes","No","No","No","No","Edit the DNA of the bacterium","DNA sequences","I don't know","I don't know","I don't know","I don't know","I don't know","I don't know","I don't know","I don't know","I don't know","I don't know","I don't know","I don't know","I don't know","I don't know","I don't know","I don't know","I don't know","I don't know","I don't know","I don't know","I don't know","I don't know","E. Coli","Flagella","Ampicillin","","64ef7bc5-c734-4aa9-bd8d-137db5313398"
"2017/12/26 8:49:36 PM GMT+1","Slightly","Moderately","24","Male","Not even in middle school","Slightly","I don't know","No","No","A few times","I don't know","Multiple times","I don't know","DNA sequences","Trespasser","Procuror","Coding Sequence","RBS","I don't know","It controls when the device is active","It controls when the device is active","I don't know","Option 3","In front of the doors, all the time","Nothing","Algae from the game's scenery","It generates antibiotic resistance","I don't know","I don't know","It generates green fluorescence in presence of l-arabinose","It generates green fluorescence in presence of l-arabinose","It generates green fluorescence","It generates antibiotic resistance","I don't know","It would be active only in l-arabinose clouds","If it produced BFP under purple light","E. Coli","Fins","GFP","","b611f6f4-1ec3-456b-bcfb-b75e11005802"
"2017/12/26 10:58:41 PM GMT+1","I don't know","I don't know","1","Prefer not to say","I don't know","I don't know","I don't know","I don't know","I don't know","I don't know","I don't know","I don't know","Divide the bacterium","RNA sequences","I don't know","Protomer","Fluorescence","GFP","It controls when the device is active","It controls the level of expression, and thus how much the ability will be affected","It controls which protein is produced, and thus which ability is affected","I don't know","I don't know","I don't know","The bacterium glows","An induced promoter, which works only in arabinose","It generates green fluorescence","I don't know","It generates antibiotic resistance","It makes it possible to move faster","It generates green fluorescence","I don't know","It makes it possible to move faster","It generates green fluorescence in presence of l-arabinose","I don't know","If it produced YFP under cyan light","Nanobot","Mitochondria","Terminator","Hshshs","3d7c3d50-a3e8-4cbc-902d-a6885cff6f22"
"2017/12/27 5:49:02 PM GMT+1","A lot","Moderately","25","Male","Until the end of high school","Moderately","Yes","No","I don't know","No","I don't know","No","Edit the DNA of the bacterium","Amino-acids","I don't know","I don't know","Ribosome","I don't know","I don't know","I don't know","I don't know","I don't know","I don't know","I don't know","I don't know","I don't know","I don't know","I don't know","I don't know","I don't know","I don't know","I don't know","I don't know","I don't know","I don't know","I don't know","E. Coli","Flagella","Ampicillin","","80b80a43-6509-4068-8683-ce913ac2c9b8"
"2017/12/27 6:25:59 PM GMT+1","Slightly","Not at all","19","Female","Until bachelor's degree","Extremely","Yes","No","No","No","No","No","I don't know","I don't know","I don't know","I don't know","I don't know","I don't know","I don't know","I don't know","I don't know","I don't know","I don't know","I don't know","I don't know","I don't know","I don't know","I don't know","I don't know","I don't know","I don't know","I don't know","I don't know","I don't know","After being induced, it would produce more and more l-arabinose, because it would induce itself","If it produced YFP under cyan light","Hero.Coli","Flagella","Ampicillin","I said I hadn't played the game before but still had to answer 10 pages of questions about it, hitting 'i don't know' each time. please make these questions optional
","b694bd26-86ce-4901-80ad-f733918647fa"
"2017/12/28 12:14:01 AM GMT+1","A lot","A lot","18","Male","Until bachelor's degree","A lot","No","No","I don't know","No","No","No","Edit the DNA of the bacterium","I don't know","I don't know","I don't know","I don't know","I don't know","I don't know","I don't know","I don't know","I don't know","I don't know","I don't know","I don't know","I don't know","I don't know","I don't know","I don't know","I don't know","I don't know","I don't know","I don't know","I don't know","I don't know","I don't know","I don't know","I don't know","I don't know","","6b143df3-8256-4910-b589-a8bd85e4a758"
"2017/12/28 7:52:54 PM GMT+1","A lot","A lot","33","Male","Until bachelor's degree","Slightly","Yes","No","No","No","I don't know","No","Edit the DNA of the bacterium","I don't know","I don't know","I don't know","I don't know","I don't know","I don't know","I don't know","I don't know","I don't know","I don't know","I don't know","I don't know","I don't know","I don't know","I don't know","I don't know","I don't know","I don't know","I don't know","I don't know","I don't know","I don't know","I don't know","I don't know","Flagella","Ampicillin","I didn't play or even hear about the game before, a set of question about devices made in game was not necessary.","9a4eb34f-fb0f-45de-b79d-142d255be6bd"
"2017/12/29 3:17:44 AM GMT+1","A lot","Rarely","29","Male","At least until master's degree","Extremely","Yes","Yes","No","No","No","No","I don't know","DNA sequences","Terminator","Promoter","Coding Sequence","RBS","It shows the end of the device","It controls when the device is active","It controls which protein is produced, and thus which ability is affected","It controls the level of expression, and thus how much the ability will be affected","Option 1","I don't know","I don't know","I don't know","It generates green fluorescence","I don't know","It generates antibiotic resistance","It generates green fluorescence in presence of l-arabinose","It generates green fluorescence","I don't know","It generates antibiotic resistance","It generates green fluorescence in presence of l-arabinose","After being induced, it would produce more and more l-arabinose, because it would induce itself","If it produced YFP under cyan light","E. Coli","Flagella","Ampicillin","","8fd4e1ed-a425-4d3b-8b1f-7a7cc5b1829f"
"2017/12/29 3:28:12 AM GMT+1","A lot","A lot","24","Other","Until the end of high school","Moderately","Yes","No","No","No","No","No","I don't know","I don't know","I don't know","I don't know","I don't know","I don't know","I don't know","I don't know","I don't know","I don't know","I don't know","I don't know","I don't know","I don't know","I don't know","I don't know","I don't know","I don't know","I don't know","I don't know","I don't know","I don't know","I don't know","I don't know","I don't know","I don't know","I don't know","","8932d9b5-c2a2-41bf-86a9-f0009a58c669"
"2017/12/29 3:45:07 AM GMT+1","Extremely","Extremely","17","Female","Until the end of high school","Slightly","No","No","No","No","No","No","I don't know","I don't know","I don't know","I don't know","I don't know","I don't know","I don't know","I don't know","I don't know","I don't know","I don't know","I don't know","I don't know","I don't know","I don't know","I don't know","I don't know","I don't know","I don't know","I don't know","I don't know","I don't know","I don't know","I don't know","I don't know","I don't know","I don't know","","d6905ce5-81c2-4fad-a4a8-bb74677c0ba7"
"2017/12/29 3:45:12 AM GMT+1","Extremely","Extremely","21","Male","Until the end of high school","A lot","Yes","No","No","No","No","No","I don't know","I don't know","I don't know","I don't know","I don't know","I don't know","I don't know","I don't know","I don't know","I don't know","I don't know","I don't know","I don't know","I don't know","I don't know","I don't know","I don't know","I don't know","I don't know","I don't know","I don't know","I don't know","I don't know","I don't know","I don't know","Flagella","I don't know","Hope it’s fun","31da0e67-c308-4875-b633-eada09bffb04"
"2017/12/29 4:25:38 AM GMT+1","A lot","Rarely","29","Male","At least until master's degree","Extremely","Yes","Yes","No","Once","No","No","Edit the DNA of the bacterium","DNA sequences","Terminator","Promoter","Coding Sequence","RBS","It shows the end of the device","It controls when the device is active","It controls which protein is produced, and thus which ability is affected","It controls the level of expression, and thus how much the ability will be affected","Option 1","Under blue light, when the GFP device is equipped","Flagella quickly disappear one by one","A plasmid - it makes it possible to equip an additional device","It generates green fluorescence","It makes it possible to move faster","It generates antibiotic resistance","It generates green fluorescence in presence of l-arabinose","It generates green fluorescence","It makes it possible to move faster","It generates antibiotic resistance","It generates green fluorescence in presence of l-arabinose","After being induced, it would produce more and more l-arabinose, because it would induce itself","If it produced YFP under cyan light","E. Coli","Flagella","Ampicillin","","8fd4e1ed-a425-4d3b-8b1f-7a7cc5b1829f"
"2017/12/29 5:32:50 AM GMT+1","Extremely","Extremely","18","Prefer not to say","Until the end of high school","Moderately","Yes","No","No","No","No","No","Edit the DNA of the bacterium","I don't know","I don't know","I don't know","I don't know","I don't know","I don't know","I don't know","I don't know","I don't know","I don't know","I don't know","I don't know","I don't know","I don't know","I don't know","I don't know","I don't know","I don't know","I don't know","I don't know","I don't know","I don't know","I don't know","I don't know","I don't know","I don't know","","cde8b3f1-05a0-4298-814a-00442d5fa2c8"
"2017/12/29 5:45:24 AM GMT+1","A lot","A lot","24","Male","Until bachelor's degree","Extremely","Yes","Yes","No","No","No","No","Edit the DNA of the bacterium","DNA sequences","Terminator","Promoter","Coding Sequence","RBS","It shows the end of the device","It controls when the device is active","It controls which protein is produced, and thus which ability is affected","It controls the level of expression, and thus how much the ability will be affected","Option 1","Under blue light, when the GFP device is equipped","I don't know","I don't know","It generates green fluorescence","I don't know","It generates antibiotic resistance","It generates green fluorescence in presence of l-arabinose","It generates green fluorescence","It makes it possible to move faster","It generates antibiotic resistance","It generates green fluorescence in presence of l-arabinose","After being induced, it would produce more and more l-arabinose, because it would induce itself","If it produced YFP under cyan light","I don't know","Flagella","Ampicillin","","c72428fa-9b8e-435d-a9cf-12b94021a5be"
"2017/12/29 5:46:36 AM GMT+1","Moderately","Moderately","22","Male","Until bachelor's degree","A lot","Yes","No","No","No","No","No","Edit the DNA of the bacterium","I don't know","I don't know","I don't know","I don't know","I don't know","I don't know","I don't know","I don't know","I don't know","I don't know","I don't know","I don't know","I don't know","I don't know","I don't know","I don't know","I don't know","I don't know","I don't know","I don't know","I don't know","I don't know","I don't know","E. Coli","Flagella","Ampicillin","","b1713f54-e916-4bd1-b000-e4cfaf329723"
"2017/12/29 5:59:59 AM GMT+1","Moderately","Moderately","38","Female","Until the end of high school","Moderately","I don't know","I don't know","No","No","No","No","I don't know","I don't know","I don't know","I don't know","I don't know","I don't know","I don't know","I don't know","I don't know","I don't know","I don't know","I don't know","Flagella quickly disappear one by one","I don't know","I don't know","I don't know","I don't know","I don't know","I don't know","I don't know","I don't know","I don't know","It would produce l-arabinose all the time","If it produced GFP under yellow light","E. Coli","Flagella","Ampicillin","","c41b8773-4a6b-4cc9-a305-8aca07fe462c"
"2017/12/29 6:19:08 AM GMT+1","Slightly","Rarely","39","Male","At least until master's degree","Extremely","Yes","Yes","I don't know","No","No","I don't know","I don't know","DNA sequences","Terminator","Protomer","Coding Sequence","RBS","It shows the end of the device","It controls the level of expression, and thus how much the ability will be affected","It controls which protein is produced, and thus which ability is affected","It controls the level of expression, and thus how much the ability will be affected","Option 1","Under blue light, when the GFP device is equipped","Flagella quickly disappear one by one","A plasmid - it makes it possible to equip an additional device","It generates green fluorescence","It makes it possible to move faster","It generates antibiotic resistance","It generates green fluorescence in presence of l-arabinose","It generates green fluorescence","It makes it possible to move faster","It generates antibiotic resistance","It generates green fluorescence in presence of l-arabinose","It would produce l-arabinose all the time","If it produced YFP under cyan light","E. Coli","Flagella","Ampicillin","","c2feb0f9-e005-4fe1-a1e4-6a4d2eb0e08c"
"2017/12/29 6:27:07 AM GMT+1","Moderately","Rarely","24","Male","Until the end of high school","Slightly","No","No","No","No","No","No","Edit the DNA of the bacterium","I don't know","I don't know","I don't know","I don't know","I don't know","I don't know","I don't know","I don't know","I don't know","I don't know","I don't know","I don't know","I don't know","I don't know","I don't know","I don't know","I don't know","I don't know","I don't know","I don't know","I don't know","I don't know","I don't know","I don't know","I don't know","I don't know","","b142dbaa-4348-4a23-b23b-e3264efcbd28"
"2017/12/29 7:26:31 AM GMT+1","I don't know","Not at all","23","Male","At least until master's degree","Extremely","Yes","Yes","No","No","No","No","Edit the DNA of the bacterium","DNA sequences","Terminator","Promoter","Coding Sequence","RBS","It shows the end of the device","It controls when the device is active","It controls which protein is produced, and thus which ability is affected","It controls the level of expression, and thus how much the ability will be affected","Option 1","Under blue light, when the GFP device is equipped","Flagella quickly disappear one by one","Algae from the game's scenery","It generates green fluorescence","It makes it possible to move faster","It generates antibiotic resistance","It generates green fluorescence in presence of l-arabinose","It generates green fluorescence","It makes it possible to move faster","It generates antibiotic resistance","It generates green fluorescence in presence of l-arabinose","After being induced, it would produce more and more l-arabinose, because it would induce itself","If it produced YFP under cyan light","E. Coli","Flagella","Ampicillin","","94432207-f2fb-478d-99df-307e2add7692"
"2017/12/29 11:15:00 AM GMT+1","Moderately","Moderately","23","Female","Until the end of high school","Slightly","No","No","No","No","No","No","I don't know","I don't know","I don't know","I don't know","I don't know","I don't know","I don't know","I don't know","I don't know","I don't know","I don't know","I don't know","I don't know","I don't know","I don't know","I don't know","I don't know","I don't know","I don't know","I don't know","I don't know","I don't know","I don't know","I don't know","I don't know","Flagella","Ampicillin","","aa969014-cc0f-4be3-a4b7-34d7f92724a5"
"2017/12/29 11:39:06 AM GMT+1","Moderately","Moderately","26","Female","At least until master's degree","Extremely","Yes","No","No","No","No","No","Edit the DNA of the bacterium","I don't know","Terminator","Promoter","Coding Sequence","I don't know","It shows the end of the device","It controls which protein is produced, and thus which ability is affected","It controls when the device is active","It controls the level of expression, and thus how much the ability will be affected","Option 2","I don't know","I don't know","I don't know","It generates green fluorescence","I don't know","It generates antibiotic resistance","It generates green fluorescence in presence of l-arabinose","It generates green fluorescence","It makes it possible to move faster","It generates antibiotic resistance","It generates green fluorescence in presence of l-arabinose","After being induced, it would produce more and more l-arabinose, because it would induce itself","If it produced YFP under cyan light","E. Coli","Flagella","Ampicillin","","5b01d462-e931-4c68-b8fb-992c6fce82d9"
"2017/12/29 1:28:32 PM GMT+1","A lot","Moderately","27","Male","At least until master's degree","A lot","Yes","No","No","No","No","No","I don't know","I don't know","I don't know","I don't know","I don't know","I don't know","I don't know","I don't know","I don't know","I don't know","I don't know","I don't know","I don't know","I don't know","I don't know","I don't know","I don't know","I don't know","I don't know","I don't know","I don't know","I don't know","I don't know","I don't know","I don't know","Flagella","Ampicillin","","c5e22da7-9d7f-4917-a7e9-f4f96d41c97e"
"2017/12/29 2:29:01 PM GMT+1","A lot","Moderately","27","Female","At least until master's degree","Extremely","Yes","Yes","No","No","No","No","Edit the DNA of the bacterium","DNA sequences","Terminator","Promoter","Coding Sequence","I don't know","It shows the end of the device","It controls when the device is active","It controls which protein is produced, and thus which ability is affected","I don't know","Option 1","In front of the doors, when the GFP device is equipped","Flagella quickly disappear one by one","I don't know","It generates green fluorescence","I don't know","It generates antibiotic resistance","It generates green fluorescence","It generates green fluorescence","It makes it possible to move faster","It generates antibiotic resistance","It generates green fluorescence","After being induced, it would produce more and more l-arabinose, because it would induce itself","If it produced YFP under cyan light","E. Coli","Flagella","Ampicillin","","c1c5ff54-04b3-4d30-b7de-ca1baa8072cf"
"2017/12/29 3:22:15 PM GMT+1","Moderately","Moderately","18","Female","Until the end of high school","Extremely","Yes","No","No","No","No","No","Edit the DNA of the bacterium","DNA sequences","Terminator","Promoter","Coding Sequence","GFP","It shows the end of the device","It controls which protein is produced, and thus which ability is affected","It controls which protein is produced, and thus which ability is affected","It controls when the device is active","Option 1","Under blue light, when the GFP device is equipped","Flagella quickly disappear one by one","A plasmid - it makes it possible to equip an additional device","It generates green fluorescence","I don't know","It generates antibiotic resistance","It generates green fluorescence in presence of l-arabinose","It generates green fluorescence","It makes it possible to move faster","It generates antibiotic resistance","It generates green fluorescence in presence of l-arabinose","After being induced, it would produce more and more l-arabinose, because it would induce itself","If it produced YFP under cyan light","Hero.Coli","Flagella","Ampicillin","","0eded3b9-4dc3-4cc6-ac3f-a5765c62c220"
"2017/12/29 4:56:23 PM GMT+1","A lot","Moderately","24","Male","At least until master's degree","Extremely","Yes","Yes","No","No","No","No","I don't know","DNA sequences","Terminator","Promoter","Coding Sequence","RBS","It shows the end of the device","It controls the level of expression, and thus how much the ability will be affected","It controls which protein is produced, and thus which ability is affected","It controls the level of expression, and thus how much the ability will be affected","Option 1","Under blue light, when the GFP device is equipped","Flagella quickly disappear one by one","I don't know","It generates green fluorescence","It makes it possible to move faster","It generates antibiotic resistance","It generates green fluorescence","It generates green fluorescence","It makes it possible to move faster","It generates antibiotic resistance","It generates green fluorescence in presence of l-arabinose","After being induced, it would produce more and more l-arabinose, because it would induce itself","If it produced YFP under cyan light","E. Coli","Flagella","Ampicillin","","e7367ba3-8b00-4484-84b7-4a5d5c8ce8f8"
"2017/12/29 6:21:53 PM GMT+1","Slightly","Not at all","25","Male","At least until master's degree","Extremely","Yes","Yes","No","No","No","No","Edit the DNA of the bacterium","DNA sequences","Terminator","Protomer","Coding Sequence","RBS","It controls which protein is produced, and thus which ability is affected","It controls the level of expression, and thus how much the ability will be affected","It controls which protein is produced, and thus which ability is affected","It controls the level of expression, and thus how much the ability will be affected","Option 1","Under blue light, when the GFP device is equipped","I don't know","A plasmid - it makes it possible to equip an additional device","It generates green fluorescence","It makes it possible to move faster","It generates antibiotic resistance","It generates green fluorescence in presence of l-arabinose","It generates green fluorescence","It makes it possible to move faster","It generates antibiotic resistance","It generates green fluorescence in presence of l-arabinose","After being induced, it would produce more and more l-arabinose, because it would induce itself","If it produced YFP under cyan light","E. Coli","Flagella","Ampicillin","","753f1c00-e1bb-4f6a-b3d7-ee9a183a0223"
"2017/12/29 6:25:11 PM GMT+1","Extremely","Extremely","30","Male","At least until master's degree","Extremely","Yes","Yes","No","No","No","No","Edit the DNA of the bacterium","I don't know","Terminator","Protomer","I don't know","I don't know","I don't know","I don't know","I don't know","I don't know","I don't know","I don't know","I don't know","I don't know","I don't know","I don't know","I don't know","I don't know","I don't know","I don't know","I don't know","I don't know","I don't know","I don't know","I don't know","I don't know","I don't know","","43128fa8-2164-4ea6-8f09-d5560c0cde17"
"2017/12/29 7:09:27 PM GMT+1","Moderately","Moderately","35","Male","At least until master's degree","Moderately","Yes","No","No","No","No","No","I don't know","I don't know","I don't know","I don't know","I don't know","I don't know","I don't know","I don't know","I don't know","I don't know","I don't know","I don't know","I don't know","I don't know","I don't know","I don't know","I don't know","I don't know","I don't know","I don't know","I don't know","I don't know","I don't know","I don't know","I don't know","Flagella","Ampicillin","By making someone take the survey before they can even look at the game, you are going to get a lot of ""I don't know"" answers.","e6b48ca3-f3c6-4249-beda-e90bcca5e438"
"2017/12/29 9:52:14 PM GMT+1","A lot","Moderately","25","Male","Until bachelor's degree","Extremely","Yes","No","No","No","No","No","Edit the DNA of the bacterium","DNA sequences","I don't know","I don't know","I don't know","I don't know","I don't know","I don't know","I don't know","I don't know","I don't know","I don't know","I don't know","I don't know","I don't know","I don't know","I don't know","I don't know","I don't know","I don't know","I don't know","I don't know","I don't know","I don't know","E. Coli","Flagella","Ampicillin","","20c4ce68-965f-4bad-aa96-951f5806bfac"
"2017/12/29 10:00:37 PM GMT+1","Moderately","Rarely","21","Prefer not to say","Until bachelor's degree","Extremely","Yes","No","No","No","No","No","Edit the DNA of the bacterium","I don't know","I don't know","I don't know","I don't know","I don't know","I don't know","I don't know","I don't know","I don't know","I don't know","Under blue light, when the GFP device is equipped","I don't know","I don't know","I don't know","I don't know","I don't know","I don't know","I don't know","I don't know","I don't know","I don't know","I don't know","If it produced YFP under cyan light","E. Coli","Flagella","Ampicillin","You should have made the questions about biobrick optional. I dont know anything about them, so I answered I dont know in most questions. Also, suggest us a book to read in case I want to learn about synthetic biology.","bd853d19-8133-46f8-a1b7-51dcdb4b301a"
"2017/12/29 10:38:44 PM GMT+1","Extremely","A lot","28","Male","Until bachelor's degree","Moderately","Yes","No","No","No","No","No","I don't know","I don't know","I don't know","I don't know","I don't know","I don't know","I don't know","I don't know","I don't know","I don't know","I don't know","I don't know","I don't know","I don't know","I don't know","I don't know","I don't know","I don't know","I don't know","I don't know","I don't know","I don't know","I don't know","I don't know","I don't know","Flagella","Ampicillin","","f2bc6ace-de55-441d-a087-95fb40c52c7a"
"2017/12/29 11:38:46 PM GMT+1","Extremely","A lot","28","Male","Until bachelor's degree","Moderately","Yes","No","No","Once","No","No","Edit the DNA of the bacterium","DNA sequences","Terminator","Promoter","Protein","GFP","It shows the end of the device","It controls when the device is active","It controls which protein is produced, and thus which ability is affected","It controls the level of expression, and thus how much the ability will be affected","Option 1","Under blue light, when the GFP device is equipped","Flagella quickly disappear one by one","A plasmid - it makes it possible to equip an additional device","It generates green fluorescence","It makes it possible to move faster","It generates antibiotic resistance","It generates green fluorescence in presence of l-arabinose","It generates green fluorescence","It makes it possible to move faster","It generates antibiotic resistance","It generates green fluorescence in presence of l-arabinose","After being induced, it would produce more and more l-arabinose, because it would induce itself","If it produced YFP under cyan light","E. Coli","Flagella","Ampicillin","you can get stuck at the checkpoint that is meant to be reached after getting resistance to ampicillin because you can make it past the small amount of ampicillin to open the door before dying, but once past, there is no way back.","f2bc6ace-de55-441d-a087-95fb40c52c7a"
"2017/12/29 11:44:10 PM GMT+1","A lot","A lot","23","Male","Until bachelor's degree","A lot","Yes","Yes","No","No","No","No","I don't know","I don't know","I don't know","I don't know","I don't know","I don't know","I don't know","I don't know","I don't know","I don't know","I don't know","I don't know","I don't know","I don't know","I don't know","I don't know","I don't know","I don't know","I don't know","I don't know","I don't know","I don't know","After being induced, it would produce more and more l-arabinose, because it would induce itself","If it produced YFP under cyan light","I don't know","Flagella","Ampicillin","","b3bfa575-af36-417d-a7fa-8e6043d9281f"
"2017/12/29 11:49:18 PM GMT+1","Extremely","Extremely","25","Male","At least until master's degree","Extremely","Yes","Yes","No","No","No","No","I don't know","DNA sequences","I don't know","I don't know","I don't know","I don't know","I don't know","I don't know","I don't know","I don't know","I don't know","Under blue light, when the GFP device is equipped","Flagella quickly disappear one by one","A plasmid - it makes it possible to equip an additional device","It generates green fluorescence","It makes it possible to move faster","It generates antibiotic resistance","It generates green fluorescence in presence of l-arabinose","It generates green fluorescence","It makes it possible to move faster","It generates antibiotic resistance","It generates green fluorescence in presence of l-arabinose","After being induced, it would produce more and more l-arabinose, because it would induce itself","If it produced YFP under cyan light","E. Coli","Flagella","Ampicillin","","57bbc329-6a6c-4034-a462-a7e7940067dd"
"2017/12/30 12:45:12 AM GMT+1","A lot","Moderately","28","Male","At least until master's degree","Extremely","Yes","Yes","No","No","No","No","I don't know","DNA sequences","I don't know","I don't know","I don't know","I don't know","I don't know","I don't know","I don't know","I don't know","I don't know","I don't know","I don't know","I don't know","I don't know","I don't know","I don't know","I don't know","I don't know","I don't know","I don't know","I don't know","After being induced, it would produce more and more l-arabinose, because it would induce itself","If it produced YFP under cyan light","I don't know","Flagella","Ampicillin","","c0b34a67-43ea-479f-b5e6-890f0a851687"
"2017/12/30 12:50:52 AM GMT+1","Extremely","A lot","20","Prefer not to say","At least until master's degree","Extremely","Yes","Yes","No","No","No","No","Edit the DNA of the bacterium","DNA sequences","Translator","Promoter","Coding Sequence","PCR","I don't know","I don't know","I don't know","I don't know","I don't know","I don't know","I don't know","I don't know","It generates green fluorescence","It makes it possible to move faster","It generates antibiotic resistance","It generates green fluorescence","I don't know","I don't know","I don't know","I don't know","After being induced, it would produce more and more l-arabinose, because it would induce itself","If it produced YFP under cyan light","I don't know","Flagella","Ampicillin","","cde3a090-b826-4dec-a2d7-1e53a2caaf66"
"2017/12/30 5:40:19 AM GMT+1","Extremely","Extremely","35","Male","At least until master's degree","Extremely","Yes","Yes","No","No","No","No","Edit the DNA of the bacterium","DNA sequences","I don't know","I don't know","I don't know","I don't know","I don't know","I don't know","I don't know","I don't know","I don't know","I don't know","I don't know","I don't know","I don't know","I don't know","I don't know","I don't know","I don't know","I don't know","I don't know","I don't know","I don't know","I don't know","I don't know","Flagella","Ampicillin","Why am I answering these questions when I haven't even played the game yet?","7478fcd6-5e79-4fb7-867b-3d31dd936f4d"
"2017/12/30 6:28:18 AM GMT+1","Slightly","Rarely","27","Male","Until bachelor's degree","Extremely","Yes","No","No","No","No","No","Edit the DNA of the bacterium","I don't know","I don't know","I don't know","I don't know","I don't know","I don't know","I don't know","I don't know","I don't know","I don't know","I don't know","I don't know","I don't know","I don't know","I don't know","I don't know","I don't know","I don't know","I don't know","I don't know","I don't know","It would produce nothing since it induces itself","If it produced YFP under cyan light","Hero.Coli","Flagella","Ampicillin","","41d09e13-d5bf-4647-ba68-3d6f236b7cce"
"2017/12/30 11:59:29 AM GMT+1","Moderately","Moderately","37","Male","Until bachelor's degree","Moderately","No","No","No","No","No","No","Edit the DNA of the bacterium","Proteins","I don't know","I don't know","I don't know","I don't know","I don't know","I don't know","I don't know","I don't know","I don't know","I don't know","I don't know","I don't know","I don't know","I don't know","I don't know","I don't know","I don't know","I don't know","I don't know","I don't know","I don't know","I don't know","I don't know","I don't know","I don't know","","95209f6d-7f29-46b3-b44c-421118171b86"
"2017/12/30 12:01:56 PM GMT+1","A lot","A lot","33","Prefer not to say","Until bachelor's degree","A lot","I don't know","No","Once","A few times","No","No","Edit the DNA of the bacterium","I don't know","I don't know","I don't know","I don't know","ATP","I don't know","It controls when the device is active","I don't know","It controls the level of expression, and thus how much the ability will be affected","Option 2","Under blue light, when the GFP device is equipped","The bacterium glows","An induced promoter, which works only in arabinose","It generates antibiotic resistance","I don't know","I don't know","It generates green fluorescence in presence of l-arabinose","It generates green fluorescence in presence of l-arabinose","It makes it possible to move faster","I don't know","I don't know","I don't know","I don't know","I don't know","I don't know","I don't know","","4ab88799-9946-4cab-9084-d27f7cb8e20b"
"2017/12/30 12:42:11 PM GMT+1","A lot","A lot","24","Other","Until the end of high school","Moderately","Yes","No","No","Once","No","No","Edit the DNA of the bacterium","DNA sequences","Terminator","Promoter","I don't know","RBS","It shows the end of the device","It controls when the device is active","It controls which protein is produced, and thus which ability is affected","It controls the level of expression, and thus how much the ability will be affected","Option 1","Under blue light, when the GFP device is equipped","Flagella quickly disappear one by one","A plasmid - it makes it possible to equip an additional device","It generates green fluorescence","It makes it possible to move faster","It generates antibiotic resistance","It generates green fluorescence in presence of l-arabinose","It generates green fluorescence","It makes it possible to move faster","It generates antibiotic resistance","It generates green fluorescence in presence of l-arabinose","After being induced, it would produce more and more l-arabinose, because it would induce itself","If it produced YFP under cyan light","E. Coli","Flagella","Ampicillin","","8932d9b5-c2a2-41bf-86a9-f0009a58c669"
"2017/12/30 2:09:02 PM GMT+1","A lot","Moderately","25","Male","At least until master's degree","Extremely","Yes","No","No","No","No","No","Edit the DNA of the bacterium","I don't know","I don't know","I don't know","I don't know","I don't know","I don't know","I don't know","I don't know","I don't know","I don't know","I don't know","I don't know","A plasmid - it makes it possible to equip an additional device","It generates green fluorescence in presence of l-arabinose","I don't know","It generates antibiotic resistance","I don't know","I don't know","I don't know","It generates antibiotic resistance","I don't know","After being induced, it would produce more and more l-arabinose, because it would induce itself","If it produced RFP under yellow light","E. Coli","Flagella","Ampicillin","","1de2c296-2009-4866-b614-93665b6e09e3"
"2017/12/30 2:29:38 PM GMT+1","A lot","Moderately","25","Male","At least until master's degree","Extremely","Yes","No","No","Once","No","No","Edit the DNA of the bacterium","RNA sequences","Terminator","Promoter","Coding Sequence","GFP","It shows the end of the device","It controls when the device is active","It controls the level of expression, and thus how much the ability will be affected","It controls the level of expression, and thus how much the ability will be affected","Option 1","Under blue light, when the GFP device is equipped","Flagella quickly disappear one by one","I don't know","It generates green fluorescence in presence of l-arabinose","It makes it possible to move faster","It generates antibiotic resistance","It generates green fluorescence in presence of l-arabinose","It generates green fluorescence","It makes it possible to move faster","It generates antibiotic resistance","It generates green fluorescence","After being induced, it would produce more and more l-arabinose, because it would induce itself","If it produced GFP under yellow light","E. Coli","Flagella","Ampicillin","","1de2c296-2009-4866-b614-93665b6e09e3"
"2017/12/30 3:26:58 PM GMT+1","Extremely","Extremely","28","Male","Until bachelor's degree","Moderately","Yes","No","No","No","No","No","Edit the DNA of the bacterium","RNA sequences","I don't know","I don't know","I don't know","I don't know","I don't know","I don't know","I don't know","I don't know","I don't know","I don't know","Flagella quickly disappear one by one","I don't know","I don't know","I don't know","I don't know","I don't know","I don't know","I don't know","I don't know","I don't know","After being induced, it would produce more and more l-arabinose, because it would induce itself","If it produced BFP under purple light","E. Coli","Flagella","Ampicillin","","3cdd1fb5-dc5b-4fde-be1d-2b6b0a24274c"
"2017/12/30 5:29:19 PM GMT+1","Moderately","Moderately","32","Male","At least until master's degree","Extremely","Yes","Yes","No","No","No","No","I don't know","DNA sequences","Terminator","Protomer","Coding Sequence","I don't know","It shows the end of the device","It controls when the device is active","It controls which protein is produced, and thus which ability is affected","I don't know","Option 1","I don't know","I don't know","A plasmid - it makes it possible to equip an additional device","It generates green fluorescence in presence of l-arabinose","It makes it possible to move faster","It generates antibiotic resistance","It generates green fluorescence in presence of l-arabinose","It generates green fluorescence in presence of l-arabinose","It makes it possible to move faster","It generates antibiotic resistance","It generates green fluorescence","It would produce nothing since it induces itself","If it produced YFP under cyan light","I don't know","Flagella","Ampicillin","","599cc5de-38ac-4a27-bd96-ed9adb4ad6bf"
"2017/12/30 7:54:38 PM GMT+1","A lot","Moderately","26","Male","Until bachelor's degree","A lot","Yes","No","No","No","No","No","Edit the DNA of the bacterium","I don't know","I don't know","I don't know","I don't know","I don't know","I don't know","I don't know","I don't know","I don't know","I don't know","I don't know","I don't know","I don't know","I don't know","I don't know","I don't know","I don't know","I don't know","I don't know","I don't know","I don't know","I don't know","I don't know","I don't know","I don't know","Ampicillin","This survey is a bit much","5e69df86-1d71-4799-8712-0f636b07aec4"
"2017/12/30 10:41:33 PM GMT+1","Moderately","Rarely","30","Male","At least until master's degree","Extremely","Yes","Yes","No","No","No","No","Edit the DNA of the bacterium","DNA sequences","I don't know","Promoter","Coding Sequence","I don't know","I don't know","It controls the level of expression, and thus how much the ability will be affected","It controls which protein is produced, and thus which ability is affected","I don't know","Option 2","Under blue light, when the GFP device is equipped","I don't know","A plasmid - it makes it possible to equip an additional device","It generates green fluorescence","I don't know","It generates antibiotic resistance","It generates green fluorescence in presence of l-arabinose","It generates green fluorescence","It makes it possible to move faster","It generates antibiotic resistance","It generates green fluorescence in presence of l-arabinose","After being induced, it would produce more and more l-arabinose, because it would induce itself","If it produced YFP under cyan light","E. Coli","Flagella","Ampicillin","","692fe3ee-c9cc-452f-91b6-aeba2a8ccd9e"
"2017/12/31 1:22:12 AM GMT+1","Moderately","Moderately","19","Male","Until the end of high school","Slightly","No","No","No","No","No","No","Edit the DNA of the bacterium","DNA sequences","Terminator","Promoter","Coding Sequence","RBS","It shows the end of the device","It controls when the device is active","It controls the level of expression, and thus how much the ability will be affected","It controls which protein is produced, and thus which ability is affected","Option 1","I don't know","I don't know","I don't know","I don't know","I don't know","I don't know","I don't know","It generates green fluorescence in presence of l-arabinose","I don't know","I don't know","It generates antibiotic resistance","It would produce nothing since it induces itself","If it produced YFP under cyan light","E. Coli","Flagella","I don't know","","02c59e5a-de64-4b3e-8ac4-bfa46479802f"
"2017/12/31 6:52:20 AM GMT+1","A lot","A lot","28","Male","Until the end of high school","A lot","No","No","No","No","No","No","I don't know","I don't know","I don't know","I don't know","I don't know","I don't know","I don't know","I don't know","I don't know","I don't know","I don't know","I don't know","I don't know","I don't know","I don't know","I don't know","I don't know","I don't know","I don't know","I don't know","I don't know","I don't know","I don't know","I don't know","I don't know","I don't know","Ampicillin","","890e7656-85de-4700-a9a9-a9977e17eae3"
"2017/12/31 9:21:00 AM GMT+1","Slightly","Rarely","19","Male","Until the end of high school","Moderately","Yes","Yes","No","No","No","No","Edit the DNA of the bacterium","I don't know","I don't know","I don't know","I don't know","I don't know","I don't know","I don't know","I don't know","I don't know","I don't know","I don't know","I don't know","I don't know","I don't know","I don't know","I don't know","I don't know","I don't know","I don't know","I don't know","I don't know","I don't know","I don't know","E. Coli","Flagella","Ampicillin","","6f697ebf-4d71-4090-9fdf-938037d5dad3"
"2017/12/31 9:26:37 AM GMT+1","Extremely","A lot","30","Male","Until the end of high school","Moderately","Yes","No","No","No","No","No","I don't know","I don't know","I don't know","I don't know","I don't know","I don't know","I don't know","I don't know","I don't know","I don't know","I don't know","I don't know","I don't know","I don't know","I don't know","I don't know","I don't know","I don't know","I don't know","I don't know","I don't know","I don't know","I don't know","I don't know","E. Coli","Flagella","Arabinose","","2300eede-2391-462d-ac2d-7c97665b84e5"
"2017/12/31 9:46:05 AM GMT+1","Extremely","A lot","30","Male","Until the end of high school","Moderately","Yes","No","No","Once","No","No","Edit the DNA of the bacterium","DNA sequences","Terminator","Promoter","Coding Sequence","RBS","It shows the end of the device","It controls when the device is active","It controls which protein is produced, and thus which ability is affected","It controls the level of expression, and thus how much the ability will be affected","Option 1","Under blue light, when the GFP device is equipped","Flagella quickly disappear one by one","A plasmid - it makes it possible to equip an additional device","It generates green fluorescence","It makes it possible to move faster","It generates antibiotic resistance","It generates green fluorescence in presence of l-arabinose","It generates green fluorescence","It makes it possible to move faster","It generates antibiotic resistance","It generates green fluorescence in presence of l-arabinose","After being induced, it would produce more and more l-arabinose, because it would induce itself","I don't know","E. Coli","Flagella","Ampicillin","","2300eede-2391-462d-ac2d-7c97665b84e5"
"2017/12/31 8:39:47 PM GMT+1","Moderately","Moderately","23","Male","Until bachelor's degree","Extremely","Yes","Yes","No","No","No","No","Edit the DNA of the bacterium","DNA sequences","Terminator","Promoter","Coding Sequence","RBS","It shows the end of the device","It controls the level of expression, and thus how much the ability will be affected","It controls which protein is produced, and thus which ability is affected","It controls the level of expression, and thus how much the ability will be affected","Option 1","Under blue light, when the GFP device is equipped","Flagella quickly disappear one by one","A plasmid - it makes it possible to equip an additional device","It generates green fluorescence","It makes it possible to move faster","It generates antibiotic resistance","It generates green fluorescence in presence of l-arabinose","It generates green fluorescence","It makes it possible to move faster","It generates antibiotic resistance","It generates green fluorescence in presence of l-arabinose","After being induced, it would produce more and more l-arabinose, because it would induce itself","If it produced YFP under cyan light","E. Coli","Flagella","Ampicillin","","0af17e7b-45bd-4733-af38-856e750723d3"
"2018/01/01 5:10:30 PM GMT+1","Extremely","Extremely","21","Male","Until bachelor's degree","Extremely","Yes","No","No","No","No","No","I don't know","I don't know","I don't know","I don't know","I don't know","I don't know","I don't know","I don't know","I don't know","I don't know","I don't know","I don't know","I don't know","I don't know","I don't know","I don't know","I don't know","I don't know","I don't know","I don't know","I don't know","I don't know","I don't know","I don't know","E. Coli","Flagella","Ampicillin","","263487ad-f466-421c-b57e-92520ea14c7b"
"2018/01/02 1:06:11 AM GMT+1","Extremely","Extremely","33","Male","Until bachelor's degree","Moderately","Yes","No","No","No","No","No","Edit the DNA of the bacterium","I don't know","I don't know","I don't know","I don't know","I don't know","I don't know","I don't know","I don't know","I don't know","I don't know","Under blue light, when the GFP device is equipped","I don't know","I don't know","I don't know","I don't know","I don't know","I don't know","I don't know","I don't know","I don't know","I don't know","It would produce l-arabinose all the time","I don't know","Hero.Coli","Flagella","Ampicillin","","dceb4fa6-6bac-438e-b0eb-4011d7e99bdc"
"2018/01/02 4:52:55 AM GMT+1","Moderately","Moderately","19","Male","Until the end of high school","Slightly","Yes","No","No","No","No","No","Edit the DNA of the bacterium","I don't know","I don't know","I don't know","I don't know","I don't know","I don't know","I don't know","I don't know","I don't know","I don't know","I don't know","I don't know","A plasmid - it makes it possible to equip an additional device","I don't know","I don't know","I don't know","I don't know","It generates green fluorescence","I don't know","It generates green fluorescence","It generates green fluorescence in presence of l-arabinose","After being induced, it would produce more and more l-arabinose, because it would induce itself","I don't know","I don't know","Flagella","Ampicillin","","09af1645-4bf5-4357-bfae-eb1e901b83e1"
"2018/01/02 5:25:57 AM GMT+1","A lot","A lot","21","Male","Until bachelor's degree","Extremely","Yes","No","No","No","No","No","Edit the DNA of the bacterium","RNA sequences","Translator","Promoter","I don't know","I don't know","I don't know","I don't know","I don't know","I don't know","I don't know","Under blue light, when the GFP device is equipped","I don't know","A plasmid - it makes it possible to equip an additional device","It generates green fluorescence","I don't know","I don't know","I don't know","I don't know","I don't know","I don't know","I don't know","I don't know","I don't know","Hero.Coli","Flagella","Ampicillin","","121c7714-0f12-4146-b09b-195faf9dad75"