"id","serverTime","userTime","gameVersion","playerId","playerBirthdate","playerRegion","playerCountry","playerGender","playerExternalId","playerCustomData","type","coordinates","section","customData.language","customData.platform","customData.localplayerguid","customData.controls","customData.sametab","customData.device","customData.option","customData.sound","customData.gamelevel","customData","customData.dnabit"
"cf4ef461-919b-49ae-a90b-d2045197486e","2016-08-29T01:57:49.710Z","2016-08-29T01:53:55.744Z","fef94d5f-d99a-4212-9f21-87308293fb03","7f3efdb6-373e-471a-a0ca-76740810b41b",,,,,,,"selectmenu","[-229, -608]","",,,,,,,"""SANDBOX""",,,,
"36b18ae7-de0e-4a27-acd1-7c6457ba8f82","2016-08-29T00:23:08.401Z","2016-08-29T00:19:14.318Z","fef94d5f-d99a-4212-9f21-87308293fb03","55973f47-1fc0-468c-868e-6d1646156076",,,,,,,"start","[0, 0]","",,"""windowsplayer""","""305ed568-aff6-48a0-a5b8-9745afc6c51f""",,,,,,,,
"56ccf7ec-be4d-4bde-8409-2d8c5a91aa63","2016-08-29T01:24:40.590Z","2016-08-29T01:20:46.589Z","fef94d5f-d99a-4212-9f21-87308293fb03","e47ac879-cd3c-48b6-914f-2c1adc9360a9",,,,,,,"start","[-229, -608]","",,"""windowsplayer""","""305ed568-aff6-48a0-a5b8-9745afc6c51f""",,,,,,,,
"85cc8783-7ac0-4db8-9350-095c2217e887","2016-08-29T01:24:59.106Z","2016-08-29T01:21:05.131Z","fef94d5f-d99a-4212-9f21-87308293fb03","e47ac879-cd3c-48b6-914f-2c1adc9360a9",,,,,,,"selectmenu","[-229, -608]","",,,,,,,"""RESUME""",,,,
"c3821a1a-fcf9-40d4-98e7-e7b932fa8cd0","2016-08-29T01:25:57.959Z","2016-08-29T01:22:04.011Z","fef94d5f-d99a-4212-9f21-87308293fb03","e47ac879-cd3c-48b6-914f-2c1adc9360a9",,,,,,,"selectmenu","[-229, -608]","",,,,,,,"""LEARNMORE""",,,,
"e53b81a7-98ef-4b8e-8064-7f6f51a76bbf","2016-08-29T01:26:04.272Z","2016-08-29T01:22:10.318Z","fef94d5f-d99a-4212-9f21-87308293fb03","e47ac879-cd3c-48b6-914f-2c1adc9360a9",,,,,,,"selectmenu","[-229, -608]","",,,,,,,"""LANGUAGE""",,,,
"dca3126e-e111-4fee-a667-e9a0c0e4aab4","2016-08-29T01:26:09.879Z","2016-08-29T01:22:15.882Z","fef94d5f-d99a-4212-9f21-87308293fb03","e47ac879-cd3c-48b6-914f-2c1adc9360a9",,,,,,,"configure","[-229, -608]","","""English""",,,,,,,,,,
"507c2f9b-852c-4dc1-bd88-3d8609918664","2016-08-29T01:26:12.776Z","2016-08-29T01:22:18.759Z","fef94d5f-d99a-4212-9f21-87308293fb03","e47ac879-cd3c-48b6-914f-2c1adc9360a9",,,,,,,"selectmenu","[-229, -608]","",,,,,,,"""CONTROLS""",,,,
"f61708c5-16cd-4c1c-a50d-3b5e300e10b2","2016-08-29T01:26:19.607Z","2016-08-29T01:22:25.659Z","fef94d5f-d99a-4212-9f21-87308293fb03","e47ac879-cd3c-48b6-914f-2c1adc9360a9",,,,,,,"configure","[-229, -608]","",,,,"""AbsoluteWASD""",,,,,,,
"f9f7916f-53b3-4215-82a0-0e3221865210","2016-08-29T01:26:28.816Z","2016-08-29T01:22:34.857Z","fef94d5f-d99a-4212-9f21-87308293fb03","e47ac879-cd3c-48b6-914f-2c1adc9360a9",,,,,,,"selectmenu","[-229, -608]","",,,,,,,"""SANDBOX""",,,,
"c3711f33-cfde-47fb-8733-c82a0f4b845b","2016-08-29T01:26:28.818Z","2016-08-29T01:22:34.859Z","fef94d5f-d99a-4212-9f21-87308293fb03","e47ac879-cd3c-48b6-914f-2c1adc9360a9",,,,,,,"switch","[-229, -608]","",,,,,,,,,"""SANDBOX2""",,
"690d7b6c-878f-4a83-9ba9-bc87482e85e3","2016-08-29T01:26:31.443Z","2016-08-29T01:22:37.251Z","fef94d5f-d99a-4212-9f21-87308293fb03","e47ac879-cd3c-48b6-914f-2c1adc9360a9",,,,,,,"reach","[-125, 373]","sandbox2.Checkpoint01",,,,,,,,,,"null",
"fc67180f-5da5-456e-b891-5270011ee980","2016-08-29T01:27:26.824Z","2016-08-29T01:23:32.883Z","fef94d5f-d99a-4212-9f21-87308293fb03","e47ac879-cd3c-48b6-914f-2c1adc9360a9",,,,,,,"selectmenu","[-122, 362]","sandbox2.Checkpoint01",,,,,,,"""CONTROLS""",,,,
"22f889b0-4a8c-4623-bd19-f356a341460c","2016-08-29T01:27:42.642Z","2016-08-29T01:23:48.706Z","fef94d5f-d99a-4212-9f21-87308293fb03","e47ac879-cd3c-48b6-914f-2c1adc9360a9",,,,,,,"configure","[-122, 362]","sandbox2.Checkpoint01",,,,"""RightClickToMove""",,,,,,,
"f97cf337-127f-46ab-9f2d-babe5e3bffc9","2016-08-29T01:27:44.649Z","2016-08-29T01:23:50.709Z","fef94d5f-d99a-4212-9f21-87308293fb03","e47ac879-cd3c-48b6-914f-2c1adc9360a9",,,,,,,"configure","[-122, 362]","sandbox2.Checkpoint01",,,,"""RelativeWASD""",,,,,,,
"da06b694-3907-460d-b452-9ed12f4f26e7","2016-08-29T01:27:48.990Z","2016-08-29T01:23:55.015Z","fef94d5f-d99a-4212-9f21-87308293fb03","e47ac879-cd3c-48b6-914f-2c1adc9360a9",,,,,,,"selectmenu","[-122, 362]","sandbox2.Checkpoint01",,,,,,,"""RESUME""",,,,
"4e94e2e1-9d5d-4781-95e6-774b40e8e972","2016-08-29T01:28:37.072Z","2016-08-29T01:24:43.051Z","fef94d5f-d99a-4212-9f21-87308293fb03","e47ac879-cd3c-48b6-914f-2c1adc9360a9",,,,,,,"selectmenu","[-122, 362]","sandbox2.Checkpoint01",,,,,,,"""ADVENTURE""",,,,
"80049490-c990-4f63-8beb-30aa0af4ba43","2016-08-29T01:28:37.142Z","2016-08-29T01:24:43.052Z","fef94d5f-d99a-4212-9f21-87308293fb03","e47ac879-cd3c-48b6-914f-2c1adc9360a9",,,,,,,"switch","[-122, 362]","tutorial1.Checkpoint01",,,,,,,,,"""TUTORIAL1""",,
"50ed72c8-ccae-4182-9972-4f1976c097d5","2016-08-29T01:29:18.457Z","2016-08-29T01:25:24.487Z","fef94d5f-d99a-4212-9f21-87308293fb03","e47ac879-cd3c-48b6-914f-2c1adc9360a9",,,,,,,"selectmenu","[-229, -608]","",,,,,,,"""LEARNMORE""",,,,
"937245cb-3938-4a71-9f31-9feef1f2fd8c","2016-08-29T01:36:25.390Z","2016-08-29T01:32:31.124Z","fef94d5f-d99a-4212-9f21-87308293fb03","bf7f56b0-da38-4141-b66d-b3dafad6928e",,,,,,,"start","[-229, -608]","",,"""windowsplayer""","""305ed568-aff6-48a0-a5b8-9745afc6c51f""",,,,,,,,
"88daa61b-f03e-44f9-9025-1189b2667ad9","2016-08-29T01:36:29.870Z","2016-08-29T01:32:35.893Z","fef94d5f-d99a-4212-9f21-87308293fb03","bf7f56b0-da38-4141-b66d-b3dafad6928e",,,,,,,"selectmenu","[-229, -608]","",,,,,,,"""SOUND""",,,,
"6698cbde-b3e9-4ebd-90d2-1c9d4941b7cf","2016-08-29T01:36:58.932Z","2016-08-29T01:33:04.827Z","fef94d5f-d99a-4212-9f21-87308293fb03","bf7f56b0-da38-4141-b66d-b3dafad6928e",,,,,,,"selectmenu","[-229, -608]","",,,,,,,"""CONTROLS""",,,,
"a89b6c43-d10a-48e8-b709-8132e519cdc8","2016-08-29T01:37:07.016Z","2016-08-29T01:33:12.845Z","fef94d5f-d99a-4212-9f21-87308293fb03","bf7f56b0-da38-4141-b66d-b3dafad6928e",,,,,,,"selectmenu","[-229, -608]","",,,,,,,"""LANGUAGE""",,,,
"56cebeff-329f-4d71-93a7-49795d3c9208","2016-08-29T01:37:08.931Z","2016-08-29T01:33:14.961Z","fef94d5f-d99a-4212-9f21-87308293fb03","bf7f56b0-da38-4141-b66d-b3dafad6928e",,,,,,,"configure","[-229, -608]","","""French""",,,,,,,,,,
"3c05764a-0205-4e43-af8d-4ea480f3acd5","2016-08-29T01:37:10.955Z","2016-08-29T01:33:17.012Z","fef94d5f-d99a-4212-9f21-87308293fb03","bf7f56b0-da38-4141-b66d-b3dafad6928e",,,,,,,"configure","[-229, -608]","","""English""",,,,,,,,,,
"790b3839-76d3-46e8-8356-089d98651ee4","2016-08-29T01:37:24.612Z","2016-08-29T01:33:30.643Z","fef94d5f-d99a-4212-9f21-87308293fb03","bf7f56b0-da38-4141-b66d-b3dafad6928e",,,,,,,"selectmenu","[-229, -608]","",,,,,,,"""RESUME""",,,,
"145a598f-91a8-4143-82fc-40dab4f8c5d5","2016-08-29T01:37:24.613Z","2016-08-29T01:33:30.645Z","fef94d5f-d99a-4212-9f21-87308293fb03","bf7f56b0-da38-4141-b66d-b3dafad6928e",,,,,,,"restart","[-229, -608]","",,,,,,,,,,"null",
"f79c3324-8bd9-4614-be76-cab3464e56f1","2016-08-29T01:38:08.817Z","2016-08-29T01:34:14.842Z","fef94d5f-d99a-4212-9f21-87308293fb03","bf7f56b0-da38-4141-b66d-b3dafad6928e",,,,,,,"death","[-229, -608]","",,,,,,,,,,"null",
"7781b657-52dc-44f6-8b2c-ff1facf02516","2016-08-29T01:39:03.948Z","2016-08-29T01:35:09.961Z","fef94d5f-d99a-4212-9f21-87308293fb03","bf7f56b0-da38-4141-b66d-b3dafad6928e",,,,,,,"selectmenu","[-229, -608]","",,,,,,,"""LEARNMORE""",,,,
"17ac1895-fc73-410f-aec1-3914decea273","2016-08-29T01:39:13.359Z","2016-08-29T01:35:19.418Z","fef94d5f-d99a-4212-9f21-87308293fb03","bf7f56b0-da38-4141-b66d-b3dafad6928e",,,,,,,"selectmenu","[-229, -608]","",,,,,,,"""CONTROLS""",,,,
"90cd5520-528c-4010-8ae1-9d732732a32a","2016-08-29T01:39:15.729Z","2016-08-29T01:35:21.749Z","fef94d5f-d99a-4212-9f21-87308293fb03","bf7f56b0-da38-4141-b66d-b3dafad6928e",,,,,,,"configure","[-229, -608]","",,,,"""AbsoluteWASD""",,,,,,,
"eb04000c-1de4-42fb-b25d-557da539d3d6","2016-08-29T01:39:21.207Z","2016-08-29T01:35:27.257Z","fef94d5f-d99a-4212-9f21-87308293fb03","bf7f56b0-da38-4141-b66d-b3dafad6928e",,,,,,,"configure","[-229, -608]","",,,,"""RightClickToMove""",,,,,,,
"a1aee991-ed44-42b2-8779-372d3f8a21ee","2016-08-29T01:39:22.812Z","2016-08-29T01:35:28.854Z","fef94d5f-d99a-4212-9f21-87308293fb03","bf7f56b0-da38-4141-b66d-b3dafad6928e",,,,,,,"configure","[-229, -608]","",,,,"""AbsoluteWASD""",,,,,,,
"c850eb85-8360-4d68-be66-056b37902852","2016-08-29T01:39:26.314Z","2016-08-29T01:35:32.367Z","fef94d5f-d99a-4212-9f21-87308293fb03","bf7f56b0-da38-4141-b66d-b3dafad6928e",,,,,,,"selectmenu","[-229, -608]","",,,,,,,"""RESUME""",,,,
"9e089a5b-18ee-4cc1-8c8c-667546ae9131","2016-08-29T01:40:19.440Z","2016-08-29T01:36:25.385Z","fef94d5f-d99a-4212-9f21-87308293fb03","bf7f56b0-da38-4141-b66d-b3dafad6928e",,,,,,,"switch","[-229, -608]","",,,,,,,,,"""SANDBOX2""",,
"23149235-7da1-4e3e-b168-cefc2a20c50b","2016-08-29T01:40:19.463Z","2016-08-29T01:36:25.383Z","fef94d5f-d99a-4212-9f21-87308293fb03","bf7f56b0-da38-4141-b66d-b3dafad6928e",,,,,,,"selectmenu","[-229, -608]","",,,,,,,"""SANDBOX""",,,,
"0ca72b03-c64f-474a-8d82-857134adcbc5","2016-08-29T01:40:21.349Z","2016-08-29T01:36:27.181Z","fef94d5f-d99a-4212-9f21-87308293fb03","bf7f56b0-da38-4141-b66d-b3dafad6928e",,,,,,,"reach","[-125, 373]","sandbox2.Checkpoint01",,,,,,,,,,"null",
"a08708fd-524b-428e-acb4-074081c940c7","2016-08-29T01:40:53.702Z","2016-08-29T01:36:59.739Z","fef94d5f-d99a-4212-9f21-87308293fb03","bf7f56b0-da38-4141-b66d-b3dafad6928e",,,,,,,"death","[-122, 362]","sandbox2.Checkpoint01",,,,,,,,,,"null",
"42fae4c3-bda2-4f53-b222-e37adddeb656","2016-08-29T01:41:24.990Z","2016-08-29T01:37:30.470Z","fef94d5f-d99a-4212-9f21-87308293fb03","bf7f56b0-da38-4141-b66d-b3dafad6928e",,,,,,,"selectmenu","[-122, 362]","sandbox2.Checkpoint01",,,,,,,"""CONTROLS""",,,,
"4ac9fa65-c76f-45f0-836b-7da583a81779","2016-08-29T01:41:28.535Z","2016-08-29T01:37:33.737Z","fef94d5f-d99a-4212-9f21-87308293fb03","bf7f56b0-da38-4141-b66d-b3dafad6928e",,,,,,,"configure","[-122, 362]","sandbox2.Checkpoint01",,,,"""RelativeWASD""",,,,,,,
"8a549d1b-a059-4e96-adfa-564ffed18e1f","2016-08-29T01:41:31.759Z","2016-08-29T01:37:37.750Z","fef94d5f-d99a-4212-9f21-87308293fb03","bf7f56b0-da38-4141-b66d-b3dafad6928e",,,,,,,"selectmenu","[-122, 362]","sandbox2.Checkpoint01",,,,,,,"""SOUND""",,,,
"4b08acb2-8eee-4a74-8b74-1120eb32aa04","2016-08-29T01:41:33.809Z","2016-08-29T01:37:39.848Z","fef94d5f-d99a-4212-9f21-87308293fb03","bf7f56b0-da38-4141-b66d-b3dafad6928e",,,,,,,"configure","[-122, 362]","sandbox2.Checkpoint01",,,,,,,,"""OFF""",,,
"09fcba90-bd09-446b-b3e9-3ce2338cf3a1","2016-08-29T01:41:34.623Z","2016-08-29T01:37:40.564Z","fef94d5f-d99a-4212-9f21-87308293fb03","bf7f56b0-da38-4141-b66d-b3dafad6928e",,,,,,,"configure","[-122, 362]","sandbox2.Checkpoint01",,,,,,,,"""ON""",,,
"a6a8230e-1e48-4f02-acc3-7dbf3a92a354","2016-08-29T01:41:36.654Z","2016-08-29T01:37:42.559Z","fef94d5f-d99a-4212-9f21-87308293fb03","bf7f56b0-da38-4141-b66d-b3dafad6928e",,,,,,,"selectmenu","[-122, 362]","sandbox2.Checkpoint01",,,,,,,"""RESTART""",,,,
"231bf1df-7145-4bae-b75d-0b151a26ac8c","2016-08-29T01:41:36.666Z","2016-08-29T01:37:42.560Z","fef94d5f-d99a-4212-9f21-87308293fb03","bf7f56b0-da38-4141-b66d-b3dafad6928e",,,,,,,"restart","[-122, 362]","sandbox2.Checkpoint01",,,,,,,,,,"null",
"afa3bc6a-7a39-4de1-96a1-0bcf9d4a0ae1","2016-08-29T01:41:39.053Z","2016-08-29T01:37:45.000Z","fef94d5f-d99a-4212-9f21-87308293fb03","bf7f56b0-da38-4141-b66d-b3dafad6928e",,,,,,,"reach","[-125, 373]","sandbox2.Checkpoint01",,,,,,,,,,"null",
"fa4f9cfd-a363-4ca3-bb24-3762d5243d8a","2016-08-29T01:41:58.179Z","2016-08-29T01:38:04.223Z","fef94d5f-d99a-4212-9f21-87308293fb03","bf7f56b0-da38-4141-b66d-b3dafad6928e",,,,,,,"death","[-122, 362]","sandbox2.Checkpoint01",,,,,,,,,,"null",
"d8b36e7a-a7ac-4d61-b14d-720ef889f9db","2016-08-29T01:43:43.932Z","2016-08-29T01:39:49.937Z","fef94d5f-d99a-4212-9f21-87308293fb03","bf7f56b0-da38-4141-b66d-b3dafad6928e",,,,,,,"selectmenu","[-122, 362]","sandbox2.Checkpoint01",,,,,,,"""ADVENTURE""",,,,
"d2760635-6434-469f-8a4f-ba88cadc4934","2016-08-29T01:43:43.935Z","2016-08-29T01:39:49.937Z","fef94d5f-d99a-4212-9f21-87308293fb03","bf7f56b0-da38-4141-b66d-b3dafad6928e",,,,,,,"switch","[-122, 362]","tutorial1.Checkpoint01",,,,,,,,,"""TUTORIAL1""",,
"925a3611-47aa-4643-b215-4b2f4e2a3447","2016-08-29T01:50:40.293Z","2016-08-29T01:46:46.212Z","fef94d5f-d99a-4212-9f21-87308293fb03","3cd5cabe-6bde-40ab-b868-bdcfa1718e45",,,,,,,"start","[0, 0]","",,"""windowsplayer""","""305ed568-aff6-48a0-a5b8-9745afc6c51f""",,,,,,,,
"91e3afa4-9f98-4899-891c-d5785ad99dd2","2016-08-29T01:57:43.804Z","2016-08-29T01:53:49.822Z","fef94d5f-d99a-4212-9f21-87308293fb03","7f3efdb6-373e-471a-a0ca-76740810b41b",,,,,,,"start","[-229, -608]","",,"""windowsplayer""","""305ed568-aff6-48a0-a5b8-9745afc6c51f""",,,,,,,,
"0545cd24-334b-4141-8a27-121273f9d5ee","2016-08-29T01:57:49.735Z","2016-08-29T01:53:55.747Z","fef94d5f-d99a-4212-9f21-87308293fb03","7f3efdb6-373e-471a-a0ca-76740810b41b",,,,,,,"switch","[-229, -608]","",,,,,,,,,"""SANDBOX2""",,
"52ff1c66-309b-4661-9496-32db3522d73e","2016-08-29T01:57:52.248Z","2016-08-29T01:53:58.275Z","fef94d5f-d99a-4212-9f21-87308293fb03","7f3efdb6-373e-471a-a0ca-76740810b41b",,,,,,,"reach","[-125, 373]","sandbox2.Checkpoint01",,,,,,,,,,"null",
"79560299-4317-476a-ba62-612760b133b8","2016-08-29T02:15:03.670Z","2016-08-29T02:11:09.612Z","fef94d5f-d99a-4212-9f21-87308293fb03","9b58f62b-0a0f-4709-9f6f-097e22e638ea",,,,,,,"start","[-6, 143]","",,"""windowsplayer""","""305ed568-aff6-48a0-a5b8-9745afc6c51f""",,,,,,,,
"9441e221-d019-473c-918b-9fd7dd7a5a6e","2016-08-29T02:15:11.295Z","2016-08-29T02:11:17.265Z","fef94d5f-d99a-4212-9f21-87308293fb03","9b58f62b-0a0f-4709-9f6f-097e22e638ea",,,,,,,"selectmenu","[-6, 143]","",,,,,,,"""CONTROLS""",,,,
"be21efc2-9ed7-412e-8969-818dc378e44c","2016-08-29T02:15:15.577Z","2016-08-29T02:11:21.549Z","fef94d5f-d99a-4212-9f21-87308293fb03","9b58f62b-0a0f-4709-9f6f-097e22e638ea",,,,,,,"selectmenu","[-6, 143]","",,,,,,,"""RESUME""",,,,
"40588ac7-7357-4815-ab45-8be7e702f4c1","2016-08-29T02:15:19.438Z","2016-08-29T02:11:25.440Z","fef94d5f-d99a-4212-9f21-87308293fb03","9b58f62b-0a0f-4709-9f6f-097e22e638ea",,,,,,,"reach","[1, 134]","adventure1.Checkpoint01",,,,,,,,,,"null",
"942b1469-2079-4f30-ac4e-e1b39c1928e6","2016-08-29T02:15:31.261Z","2016-08-29T02:11:37.240Z","fef94d5f-d99a-4212-9f21-87308293fb03","9b58f62b-0a0f-4709-9f6f-097e22e638ea",,,,,,,"death","[45, 108]","adventure1.Checkpoint01",,,,,,,,,,"null",
"6fe7450e-6440-4283-a045-3c7e31c2951f","2016-08-29T02:15:56.731Z","2016-08-29T02:12:02.727Z","fef94d5f-d99a-4212-9f21-87308293fb03","9b58f62b-0a0f-4709-9f6f-097e22e638ea",,,,,,,"pickup","[71, 99]","adventure1.Checkpoint01",,,,,,,,,,,"""PRCONS:RBS2:MOV:DTER"""
"edb80c2a-15b9-46cd-9174-d76744504242","2016-08-29T02:16:23.802Z","2016-08-29T02:12:29.799Z","fef94d5f-d99a-4212-9f21-87308293fb03","9b58f62b-0a0f-4709-9f6f-097e22e638ea",,,,,,,"equip","[71, 99]","adventure1.Checkpoint01",,,,,,"""PRCONS:RBS2:MOV:DTER""",,,,,
"07e0ac5d-7cfb-4a46-8bad-d036b17ecef9","2016-08-29T02:16:28.908Z","2016-08-29T02:12:34.907Z","fef94d5f-d99a-4212-9f21-87308293fb03","9b58f62b-0a0f-4709-9f6f-097e22e638ea",,,,,,,"death","[81, 94]","adventure1.Checkpoint01",,,,,,,,,,"null",
"468edf60-a42d-4572-8c45-49b939829ae9","2016-08-29T02:16:42.621Z","2016-08-29T02:12:48.606Z","fef94d5f-d99a-4212-9f21-87308293fb03","9b58f62b-0a0f-4709-9f6f-097e22e638ea",,,,,,,"reach","[100, 128]","adventure1.Checkpoint02",,,,,,,,,,"null",
"29e82664-9539-4bc9-9d33-d27e94b6dd63","2016-08-29T02:17:01.756Z","2016-08-29T02:13:07.744Z","fef94d5f-d99a-4212-9f21-87308293fb03","9b58f62b-0a0f-4709-9f6f-097e22e638ea",,,,,,,"unequip","[50, 187]","adventure1.Checkpoint02",,,,,,"""PRCONS:RBS2:MOV:DTER""",,,,,
"d9feb000-9e72-4a51-a62c-2aa7a4fe3d1f","2016-08-29T02:17:05.515Z","2016-08-29T02:13:11.474Z","fef94d5f-d99a-4212-9f21-87308293fb03","9b58f62b-0a0f-4709-9f6f-097e22e638ea",,,,,,,"equip","[50, 187]","adventure1.Checkpoint02",,,,,,"""PRCONS:RBS2:MOV:DTER""",,,,,
"6cd71df1-288b-4649-a148-26827f225d10","2016-08-29T02:17:22.784Z","2016-08-29T02:13:28.726Z","fef94d5f-d99a-4212-9f21-87308293fb03","9b58f62b-0a0f-4709-9f6f-097e22e638ea",,,,,,,"death","[45, 190]","adventure1.Checkpoint02",,,,,,,,,,"null",
"6387018c-780d-4cd9-8122-7d10557fe62d","2016-08-29T02:17:38.787Z","2016-08-29T02:13:44.647Z","fef94d5f-d99a-4212-9f21-87308293fb03","9b58f62b-0a0f-4709-9f6f-097e22e638ea",,,,,,,"complete","[-161, 1117]","adventure1.Checkpoint02",,,,,,,,,,"null",
"d21e4f95-b8c4-4844-b9a5-423f17ba238d","2016-08-29T02:17:48.554Z","2016-08-29T02:13:54.523Z","fef94d5f-d99a-4212-9f21-87308293fb03","9b58f62b-0a0f-4709-9f6f-097e22e638ea",,,,,,,"gotourl","[-154, 1112]","adventure1.Checkpoint02",,,,,"""https://docs.google.com/forms/d/1Mz4hH2btTRki91JsM7BYnQUj4hlr3gp3FlTYAdZDAYM/viewform?usp=send_form""",,,,,,
"3cbefa2b-4c6f-4f8d-a75b-b1bcdaa4aa58","2016-08-29T02:17:52.453Z","2016-08-29T02:13:58.378Z","fef94d5f-d99a-4212-9f21-87308293fb03","9b58f62b-0a0f-4709-9f6f-097e22e638ea",,,,,,,"selectmenu","[-154, 1112]","adventure1.Checkpoint02",,,,,,,"""RESUME""",,,,
"d42cff6f-61ee-48c0-99b2-2e7e26f80a3d","2016-08-29T02:17:52.454Z","2016-08-29T02:13:58.379Z","fef94d5f-d99a-4212-9f21-87308293fb03","9b58f62b-0a0f-4709-9f6f-097e22e638ea",,,,,,,"restart","[-154, 1112]","adventure1.Checkpoint02",,,,,,,,,,"null",
"7e156614-3122-4fd8-a534-f2c8719737f0","2016-08-29T02:18:00.730Z","2016-08-29T02:14:06.683Z","fef94d5f-d99a-4212-9f21-87308293fb03","9b58f62b-0a0f-4709-9f6f-097e22e638ea",,,,,,,"reach","[1, 134]","adventure1.Checkpoint01",,,,,,,,,,"null",
"77a97407-099b-4ee7-bc5b-e67f614549fc","2016-08-29T02:18:15.690Z","2016-08-29T02:14:21.679Z","fef94d5f-d99a-4212-9f21-87308293fb03","9b58f62b-0a0f-4709-9f6f-097e22e638ea",,,,,,,"pickup","[70, 99]","adventure1.Checkpoint01",,,,,,,,,,,"""PRCONS:RBS2:MOV:DTER"""
"3aeb74a6-0086-4ff1-98b6-de62026649e7","2016-08-29T02:18:22.646Z","2016-08-29T02:14:28.676Z","fef94d5f-d99a-4212-9f21-87308293fb03","9b58f62b-0a0f-4709-9f6f-097e22e638ea",,,,,,,"equip","[70, 99]","adventure1.Checkpoint01",,,,,,"""PRCONS:RBS2:MOV:DTER""",,,,,
"7fa36d41-fcaa-425b-bb73-c92c52c89d1c","2016-08-29T02:18:27.041Z","2016-08-29T02:14:33.053Z","fef94d5f-d99a-4212-9f21-87308293fb03","9b58f62b-0a0f-4709-9f6f-097e22e638ea",,,,,,,"reach","[94, 128]","adventure1.Checkpoint02",,,,,,,,,,"null",
"eb7fb06b-7c28-4cb6-a657-d4a73749c7f7","2016-08-29T02:19:20.716Z","2016-08-29T02:15:26.715Z","fef94d5f-d99a-4212-9f21-87308293fb03","9b58f62b-0a0f-4709-9f6f-097e22e638ea",,,,,,,"reach","[262, 275]","adventure1.Checkpoint03",,,,,,,,,,"null",
"59fb9994-b5f4-4076-ba32-bd8dd357141b","2016-08-29T02:20:40.186Z","2016-08-29T02:16:46.212Z","fef94d5f-d99a-4212-9f21-87308293fb03","9b58f62b-0a0f-4709-9f6f-097e22e638ea",,,,,,,"death","[334, 351]","adventure1.Checkpoint03",,,,,,,,,,"null",
"3fb30da9-6931-477d-befd-0a3fb5132d64","2016-08-29T02:20:54.320Z","2016-08-29T02:17:00.294Z","fef94d5f-d99a-4212-9f21-87308293fb03","9b58f62b-0a0f-4709-9f6f-097e22e638ea",,,,,,,"selectmenu","[266, 301]","adventure1.Checkpoint03",,,,,,,"""LANGUAGE""",,,,
"530f41f9-371c-4147-a497-635db6f9b165","2016-08-29T02:20:55.311Z","2016-08-29T02:17:01.248Z","fef94d5f-d99a-4212-9f21-87308293fb03","9b58f62b-0a0f-4709-9f6f-097e22e638ea",,,,,,,"configure","[266, 301]","adventure1.Checkpoint03","""French""",,,,,,,,,,
"2b9fe11d-3aa3-4a46-8a6f-156742562744","2016-08-29T02:20:56.612Z","2016-08-29T02:17:02.584Z","fef94d5f-d99a-4212-9f21-87308293fb03","9b58f62b-0a0f-4709-9f6f-097e22e638ea",,,,,,,"configure","[266, 301]","adventure1.Checkpoint03","""English""",,,,,,,,,,
"d4044744-f6ee-4cc6-9b4b-053eb9669163","2016-08-29T02:21:15.903Z","2016-08-29T02:17:21.886Z","fef94d5f-d99a-4212-9f21-87308293fb03","9b58f62b-0a0f-4709-9f6f-097e22e638ea",,,,,,,"selectmenu","[266, 301]","adventure1.Checkpoint03",,,,,,,"""RESUME""",,,,
"b88e722d-6fed-4fef-92c4-a702d8543c2d","2016-08-29T02:21:25.713Z","2016-08-29T02:17:31.712Z","fef94d5f-d99a-4212-9f21-87308293fb03","9b58f62b-0a0f-4709-9f6f-097e22e638ea",,,,,,,"death","[293, 325]","adventure1.Checkpoint03",,,,,,,,,,"null",
"c4d99ff7-56d2-4445-a5fe-b0b47721a578","2016-08-29T02:21:37.041Z","2016-08-29T02:17:42.927Z","fef94d5f-d99a-4212-9f21-87308293fb03","9b58f62b-0a0f-4709-9f6f-097e22e638ea",,,,,,,"death","[297, 327]","adventure1.Checkpoint03",,,,,,,,,,"null",
"c35d3b63-789b-4d41-90a9-b20998f7b25f","2016-08-29T02:21:45.515Z","2016-08-29T02:17:51.534Z","fef94d5f-d99a-4212-9f21-87308293fb03","9b58f62b-0a0f-4709-9f6f-097e22e638ea",,,,,,,"death","[273, 320]","adventure1.Checkpoint03",,,,,,,,,,"null",
"3488a0ca-a8fe-47db-ae6f-c4a51630d236","2016-08-29T02:43:23.532Z","2016-08-29T02:39:29.430Z","fef94d5f-d99a-4212-9f21-87308293fb03","ebadd576-eb9f-4370-b047-b497990aa3f9",,,,,,,"start","[-229, -608]","",,"""windowsplayer""","""30a88784-3d3e-4ccb-980a-3a7372b2d252""",,,,,,,,
"54354692-cc8a-4a32-a22f-7439c5f6943a","2016-08-29T02:43:37.347Z","2016-08-29T02:39:43.265Z","fef94d5f-d99a-4212-9f21-87308293fb03","ebadd576-eb9f-4370-b047-b497990aa3f9",,,,,,,"selectmenu","[-229, -608]","",,,,,,,"""RESUME""",,,,
"f9710fcd-67cb-4dc4-afa5-107fb3c36c72","2016-08-29T02:46:00.900Z","2016-08-29T02:42:06.788Z","fef94d5f-d99a-4212-9f21-87308293fb03","2f2df2f1-d86a-4c73-95e8-100b236eb665",,,,,,,"start","[0, 0]","",,"""windowsplayer""","""30a88784-3d3e-4ccb-980a-3a7372b2d252""",,,,,,,,
"27d8f0f6-1c85-4981-aa24-a0809303b22d","2016-08-29T03:23:02.282Z","2016-08-29T03:19:07.947Z","fef94d5f-d99a-4212-9f21-87308293fb03","b0da6be7-f377-4702-aa52-b0f83b48ba04",,,,,,,"start","[-229, -608]","",,"""windowsplayer""","""305ed568-aff6-48a0-a5b8-9745afc6c51f""",,,,,,,,
"be24c594-cca6-43be-a75a-742ad7bccef6","2016-08-29T03:23:12.263Z","2016-08-29T03:19:18.103Z","fef94d5f-d99a-4212-9f21-87308293fb03","b0da6be7-f377-4702-aa52-b0f83b48ba04",,,,,,,"selectmenu","[-229, -608]","",,,,,,,"""RESUME""",,,,
"f0d8f396-22d3-443f-9871-7566007b05b6","2016-08-29T03:23:55.932Z","2016-08-29T03:20:01.822Z","fef94d5f-d99a-4212-9f21-87308293fb03","b0da6be7-f377-4702-aa52-b0f83b48ba04",,,,,,,"death","[-196, -617]","",,,,,,,,,,"null",
"3c4c11f6-4680-4e2d-8d97-5e9737e93ff6","2016-08-29T03:23:58.424Z","2016-08-29T03:20:04.336Z","fef94d5f-d99a-4212-9f21-87308293fb03","b0da6be7-f377-4702-aa52-b0f83b48ba04",,,,,,,"death","[-198, -619]","",,,,,,,,,,"null",
"c11b795c-8b19-4591-bfeb-88d6e4d0c78d","2016-08-29T03:24:00.490Z","2016-08-29T03:20:06.348Z","fef94d5f-d99a-4212-9f21-87308293fb03","b0da6be7-f377-4702-aa52-b0f83b48ba04",,,,,,,"death","[-198, -619]","",,,,,,,,,,"null",
"6f0a3cf9-98e9-4d78-8b85-8abb85fcf768","2016-08-29T03:24:02.526Z","2016-08-29T03:20:08.413Z","fef94d5f-d99a-4212-9f21-87308293fb03","b0da6be7-f377-4702-aa52-b0f83b48ba04",,,,,,,"death","[-198, -619]","",,,,,,,,,,"null",
"1a263bbf-7b18-455e-bbb6-646bfb96084b","2016-08-29T03:24:05.618Z","2016-08-29T03:20:11.520Z","fef94d5f-d99a-4212-9f21-87308293fb03","b0da6be7-f377-4702-aa52-b0f83b48ba04",,,,,,,"death","[-198, -619]","",,,,,,,,,,"null",
"96d1991a-059a-401a-ac6e-2714ad410abb","2016-08-29T03:24:09.421Z","2016-08-29T03:20:15.338Z","fef94d5f-d99a-4212-9f21-87308293fb03","b0da6be7-f377-4702-aa52-b0f83b48ba04",,,,,,,"selectmenu","[-198, -619]","",,,,,,,"""RESTART""",,,,
"56638cc7-5a0f-4d08-b20a-376ff7c92906","2016-08-29T03:24:09.421Z","2016-08-29T03:20:15.339Z","fef94d5f-d99a-4212-9f21-87308293fb03","b0da6be7-f377-4702-aa52-b0f83b48ba04",,,,,,,"restart","[-198, -619]","",,,,,,,,,,"null",
"aef459ea-79dd-4b0d-8ffb-ecfb6846d498","2016-08-29T03:25:28.066Z","2016-08-29T03:21:33.951Z","fef94d5f-d99a-4212-9f21-87308293fb03","b0da6be7-f377-4702-aa52-b0f83b48ba04",,,,,,,"switch","[-229, -608]","",,,,,,,,,"""SANDBOX2""",,
"87529491-4fb5-4bc6-92ae-09aca49387db","2016-08-29T03:25:28.068Z","2016-08-29T03:21:33.949Z","fef94d5f-d99a-4212-9f21-87308293fb03","b0da6be7-f377-4702-aa52-b0f83b48ba04",,,,,,,"selectmenu","[-229, -608]","",,,,,,,"""SANDBOX""",,,,
"d432d0c0-2860-41f6-98c5-c557ea208537","2016-08-29T03:25:30.539Z","2016-08-29T03:21:36.319Z","fef94d5f-d99a-4212-9f21-87308293fb03","b0da6be7-f377-4702-aa52-b0f83b48ba04",,,,,,,"reach","[-125, 373]","sandbox2.Checkpoint01",,,,,,,,,,"null",
"8aca3ab0-b392-4a47-b139-e5249b2a3eff","2016-08-29T03:25:42.262Z","2016-08-29T03:21:48.199Z","fef94d5f-d99a-4212-9f21-87308293fb03","b0da6be7-f377-4702-aa52-b0f83b48ba04",,,,,,,"reach","[-108, 266]","sandbox2.Checkpoint02",,,,,,,,,,"null",
"a498c72e-918b-4970-933f-412811e12263","2016-08-29T03:26:05.924Z","2016-08-29T03:22:11.869Z","fef94d5f-d99a-4212-9f21-87308293fb03","b0da6be7-f377-4702-aa52-b0f83b48ba04",,,,,,,"reach","[34, 293]","sandbox2.Checkpoint07",,,,,,,,,,"null",
"b5d46431-ea1f-452d-918e-65ebe8884211","2016-08-29T03:26:12.284Z","2016-08-29T03:22:18.188Z","fef94d5f-d99a-4212-9f21-87308293fb03","b0da6be7-f377-4702-aa52-b0f83b48ba04",,,,,,,"selectmenu","[66, 269]","sandbox2.Checkpoint07",,,,,,,"""RESUME""",,,,
"1f91e964-e7c6-4dc5-9f14-171d527c1a64","2016-08-29T03:26:18.444Z","2016-08-29T03:22:24.351Z","fef94d5f-d99a-4212-9f21-87308293fb03","b0da6be7-f377-4702-aa52-b0f83b48ba04",,,,,,,"reach","[86, 226]","sandbox2.Checkpoint06",,,,,,,,,,"null",
"456403cf-6d31-4259-a882-3fd2ad006e6b","2016-08-29T03:26:22.550Z","2016-08-29T03:22:28.429Z","fef94d5f-d99a-4212-9f21-87308293fb03","b0da6be7-f377-4702-aa52-b0f83b48ba04",,,,,,,"death","[118, 183]","sandbox2.Checkpoint06",,,,,,,,,,"null",
"04e0d7b0-7fce-4fc0-893b-1a303dc6e096","2016-08-29T03:26:30.892Z","2016-08-29T03:22:36.726Z","fef94d5f-d99a-4212-9f21-87308293fb03","b0da6be7-f377-4702-aa52-b0f83b48ba04",,,,,,,"switch","[114, 214]","tutorial1.Checkpoint06",,,,,,,,,"""TUTORIAL1""",,
"f542a0b8-49e6-4710-aa99-fbd1d8d13219","2016-08-29T03:26:30.899Z","2016-08-29T03:22:36.725Z","fef94d5f-d99a-4212-9f21-87308293fb03","b0da6be7-f377-4702-aa52-b0f83b48ba04",,,,,,,"selectmenu","[114, 214]","sandbox2.Checkpoint06",,,,,,,"""ADVENTURE""",,,,
"5d8beadb-dabe-4c9c-b0f2-653b5a4f5f03","2016-08-29T03:27:07.764Z","2016-08-29T03:23:13.683Z","fef94d5f-d99a-4212-9f21-87308293fb03","b0da6be7-f377-4702-aa52-b0f83b48ba04",,,,,,,"selectmenu","[-229, -608]","",,,,,,,"""RESTART""",,,,
"b0bd0e35-abaf-4e95-be47-4789ac277844","2016-08-29T03:27:07.766Z","2016-08-29T03:23:13.684Z","fef94d5f-d99a-4212-9f21-87308293fb03","b0da6be7-f377-4702-aa52-b0f83b48ba04",,,,,,,"restart","[-229, -608]","",,,,,,,,,,"null",
"47190e09-2c4f-48ed-a28a-7f24e0ff24d3","2016-08-29T03:28:21.587Z","2016-08-29T03:24:27.499Z","fef94d5f-d99a-4212-9f21-87308293fb03","b0da6be7-f377-4702-aa52-b0f83b48ba04",,,,,,,"selectmenu","[-229, -608]","",,,,,,,"""RESUME""",,,,
"36c41d97-ce3f-43d7-b760-dfed063a5743","2016-08-29T03:28:24.773Z","2016-08-29T03:24:30.722Z","fef94d5f-d99a-4212-9f21-87308293fb03","b0da6be7-f377-4702-aa52-b0f83b48ba04",,,,,,,"selectmenu","[-229, -608]","",,,,,,,"""CONTROLS""",,,,
"898f5b04-7704-40cf-a765-90d3f56d1515","2016-08-29T03:28:26.426Z","2016-08-29T03:24:32.362Z","fef94d5f-d99a-4212-9f21-87308293fb03","b0da6be7-f377-4702-aa52-b0f83b48ba04",,,,,,,"configure","[-229, -608]","",,,,"""RightClickToMove""",,,,,,,
"c083c6c2-e630-49c9-923b-ae2b3c20b6db","2016-08-29T03:28:30.226Z","2016-08-29T03:24:36.126Z","fef94d5f-d99a-4212-9f21-87308293fb03","b0da6be7-f377-4702-aa52-b0f83b48ba04",,,,,,,"selectmenu","[-229, -608]","",,,,,,,"""RESUME""",,,,
"eb4eb947-17ee-4f0a-a83f-ae2cb2ab6ea4","2016-08-29T03:29:39.877Z","2016-08-29T03:25:45.776Z","fef94d5f-d99a-4212-9f21-87308293fb03","62c2588b-8d99-430a-a8ae-fd905b41e83b",,,,,,,"start","[-6, 143]","",,"""windowsplayer""","""305ed568-aff6-48a0-a5b8-9745afc6c51f""",,,,,,,,
"c08d8ccb-8096-40bc-a848-6990a80fe465","2016-08-29T03:29:45.381Z","2016-08-29T03:25:51.295Z","fef94d5f-d99a-4212-9f21-87308293fb03","62c2588b-8d99-430a-a8ae-fd905b41e83b",,,,,,,"selectmenu","[-6, 143]","",,,,,,,"""LEARNMORE""",,,,
"32af893d-4cdb-4572-9329-ab8f59afa56f","2016-08-29T03:29:49.007Z","2016-08-29T03:25:54.898Z","fef94d5f-d99a-4212-9f21-87308293fb03","62c2588b-8d99-430a-a8ae-fd905b41e83b",,,,,,,"switch","[-6, 143]","",,,,,,,,,"""SANDBOX2""",,
"5f3ebc2f-6814-46ae-a835-6b22535132d3","2016-08-29T03:29:49.010Z","2016-08-29T03:25:54.895Z","fef94d5f-d99a-4212-9f21-87308293fb03","62c2588b-8d99-430a-a8ae-fd905b41e83b",,,,,,,"selectmenu","[-6, 143]","",,,,,,,"""SANDBOX""",,,,
"6a6f6a6f-03ff-42fa-91d9-7450e29ba533","2016-08-29T03:29:50.268Z","2016-08-29T03:25:56.193Z","fef94d5f-d99a-4212-9f21-87308293fb03","62c2588b-8d99-430a-a8ae-fd905b41e83b",,,,,,,"reach","[-125, 373]","sandbox2.Checkpoint01",,,,,,,,,,"null",
"4588add9-834a-4c3d-a2e4-54a63c9cac5f","2016-08-29T03:30:32.818Z","2016-08-29T03:26:38.710Z","fef94d5f-d99a-4212-9f21-87308293fb03","62c2588b-8d99-430a-a8ae-fd905b41e83b",,,,,,,"reach","[-25, 187]","sandbox2.Checkpoint03",,,,,,,,,,"null",
"6d743041-2c3b-4b18-870b-dba88fce99a0","2016-08-29T03:31:03.592Z","2016-08-29T03:27:09.482Z","fef94d5f-d99a-4212-9f21-87308293fb03","62c2588b-8d99-430a-a8ae-fd905b41e83b",,,,,,,"switch","[-164, 133]","adventure1.Checkpoint03",,,,,,,,,"""ADVENTURE1""",,
"1cfa70ad-b81d-4aad-afc4-1c1076ce2e58","2016-08-29T03:31:03.592Z","2016-08-29T03:27:09.481Z","fef94d5f-d99a-4212-9f21-87308293fb03","62c2588b-8d99-430a-a8ae-fd905b41e83b",,,,,,,"selectmenu","[-164, 133]","sandbox2.Checkpoint03",,,,,,,"""ADVENTURE""",,,,
"bc5d858b-158b-40b4-9d80-5827092e6a7e","2016-08-29T03:31:08.820Z","2016-08-29T03:27:14.726Z","fef94d5f-d99a-4212-9f21-87308293fb03","62c2588b-8d99-430a-a8ae-fd905b41e83b",,,,,,,"reach","[2, 134]","adventure1.Checkpoint01",,,,,,,,,,"null",
"5bbdb983-62f8-4c38-afbe-9d56fae6a9e0","2016-08-29T03:31:25.243Z","2016-08-29T03:27:31.117Z","fef94d5f-d99a-4212-9f21-87308293fb03","62c2588b-8d99-430a-a8ae-fd905b41e83b",,,,,,,"pickup","[71, 98]","adventure1.Checkpoint01",,,,,,,,,,,"""PRCONS:RBS2:MOV:DTER"""
"7d37c5f8-d144-4de1-9660-ca1645605a4e","2016-08-29T03:31:29.805Z","2016-08-29T03:27:35.726Z","fef94d5f-d99a-4212-9f21-87308293fb03","62c2588b-8d99-430a-a8ae-fd905b41e83b",,,,,,,"equip","[71, 98]","adventure1.Checkpoint01",,,,,,"""PRCONS:RBS2:MOV:DTER""",,,,,
"3aa00d73-a02a-49e0-950d-fb59f8112767","2016-08-29T03:31:34.340Z","2016-08-29T03:27:40.228Z","fef94d5f-d99a-4212-9f21-87308293fb03","62c2588b-8d99-430a-a8ae-fd905b41e83b",,,,,,,"reach","[99, 128]","adventure1.Checkpoint02",,,,,,,,,,"null",
"da5acd47-6f90-4146-a6b8-e4aad739dd7e","2016-08-29T03:31:50.556Z","2016-08-29T03:27:56.011Z","fef94d5f-d99a-4212-9f21-87308293fb03","62c2588b-8d99-430a-a8ae-fd905b41e83b",,,,,,,"death","[156, 103]","adventure1.Checkpoint02",,,,,,,,,,"null",
"ae462e7d-ae55-45a2-8a72-c270ab537247","2016-08-29T03:38:52.235Z","2016-08-29T03:34:58.116Z","fef94d5f-d99a-4212-9f21-87308293fb03","2a0f1aad-c17a-41b2-b601-846082eaf526",,,,,,,"start","[-229, -608]","",,"""windowsplayer""","""305ed568-aff6-48a0-a5b8-9745afc6c51f""",,,,,,,,
"12ffc5c5-05c5-45a6-bc90-b30145d6c120","2016-08-29T03:38:59.262Z","2016-08-29T03:35:05.135Z","fef94d5f-d99a-4212-9f21-87308293fb03","2a0f1aad-c17a-41b2-b601-846082eaf526",,,,,,,"selectmenu","[-229, -608]","",,,,,,,"""RESUME""",,,,
"20cf3c96-fd36-450a-802b-71c9ed8bdc22","2016-08-29T03:40:11.253Z","2016-08-29T03:36:17.167Z","fef94d5f-d99a-4212-9f21-87308293fb03","2a0f1aad-c17a-41b2-b601-846082eaf526",,,,,,,"craft","[-152, -691]","",,,,,,"""PRCONS:RBS2:MOV:DTER""",,,,,
"26ee67f7-9c0a-43d4-9629-d3fc553f303e","2016-08-29T03:40:35.712Z","2016-08-29T03:36:41.658Z","fef94d5f-d99a-4212-9f21-87308293fb03","2a0f1aad-c17a-41b2-b601-846082eaf526",,,,,,,"reach","[-98, -623]","tutorial1.Checkpoint01",,,,,,,,,,"null",
"6d44830d-9aec-4dd1-a187-a1b4cc416ec8","2016-08-29T03:41:02.530Z","2016-08-29T03:37:08.448Z","fef94d5f-d99a-4212-9f21-87308293fb03","2a0f1aad-c17a-41b2-b601-846082eaf526",,,,,,,"death","[-235, -534]","tutorial1.Checkpoint01",,,,,,,,,,"null",
"0360c276-016b-4320-9cce-52735b1c37d7","2016-08-29T03:41:13.458Z","2016-08-29T03:37:19.378Z","fef94d5f-d99a-4212-9f21-87308293fb03","2a0f1aad-c17a-41b2-b601-846082eaf526",,,,,,,"selectmenu","[-147, -604]","tutorial1.Checkpoint01",,,,,,,"""RESUME""",,,,
"f58e17c5-e9e3-41ef-88d5-6c78ba5d42ba","2016-08-29T03:41:17.620Z","2016-08-29T03:37:23.543Z","fef94d5f-d99a-4212-9f21-87308293fb03","2a0f1aad-c17a-41b2-b601-846082eaf526",,,,,,,"selectmenu","[-125, -612]","tutorial1.Checkpoint01",,,,,,,"""RESUME""",,,,
"bd0656ed-ecfa-480c-abc0-a141735898b3","2016-08-29T04:07:09.632Z","2016-08-29T04:03:15.352Z","fef94d5f-d99a-4212-9f21-87308293fb03","84024c3d-8b2e-4f15-80d9-f95e4a1b13c6",,,,,,,"start","[-229, -608]","",,"""windowsplayer""","""305ed568-aff6-48a0-a5b8-9745afc6c51f""",,,,,,,,
"1df90c8d-773f-4f12-be35-ea0d20d7aead","2016-08-29T04:07:16.699Z","2016-08-29T04:03:22.589Z","fef94d5f-d99a-4212-9f21-87308293fb03","84024c3d-8b2e-4f15-80d9-f95e4a1b13c6",,,,,,,"selectmenu","[-229, -608]","",,,,,,,"""RESUME""",,,,
"20c06cb6-7429-489a-be06-e712aec6d4ad","2016-08-29T04:08:04.849Z","2016-08-29T04:04:10.763Z","fef94d5f-d99a-4212-9f21-87308293fb03","84024c3d-8b2e-4f15-80d9-f95e4a1b13c6",,,,,,,"selectmenu","[-229, -608]","",,,,,,,"""RESUME""",,,,
"bf61ace2-448a-4ec4-a805-993ce7768a8d","2016-08-29T04:08:18.455Z","2016-08-29T04:04:24.378Z","fef94d5f-d99a-4212-9f21-87308293fb03","84024c3d-8b2e-4f15-80d9-f95e4a1b13c6",,,,,,,"selectmenu","[-229, -608]","",,,,,,,"""RESUME""",,,,
"cfd1563b-a15f-460e-ab6b-fceceae1ce5d","2016-08-29T04:49:30.762Z","2016-08-29T04:45:36.613Z","fef94d5f-d99a-4212-9f21-87308293fb03","c0312ddd-9929-4201-8fcd-1d090a885c5b",,,,,,,"start","[-229, -608]","",,"""windowsplayer""","""305ed568-aff6-48a0-a5b8-9745afc6c51f""",,,,,,,,
"3b64389a-e16a-4efa-bcd3-1a59f709ebde","2016-08-29T04:49:49.476Z","2016-08-29T04:45:55.344Z","fef94d5f-d99a-4212-9f21-87308293fb03","c0312ddd-9929-4201-8fcd-1d090a885c5b",,,,,,,"restart","[-229, -608]","",,,,,,,,,,"null",
"eab9770f-68ca-4de4-ade0-f22b3b38b6ed","2016-08-29T04:49:49.477Z","2016-08-29T04:45:55.342Z","fef94d5f-d99a-4212-9f21-87308293fb03","c0312ddd-9929-4201-8fcd-1d090a885c5b",,,,,,,"selectmenu","[-229, -608]","",,,,,,,"""RESUME""",,,,
"4310a374-ac9a-499b-812d-b14d2670008b","2016-08-29T04:50:21.865Z","2016-08-29T04:46:27.741Z","fef94d5f-d99a-4212-9f21-87308293fb03","c0312ddd-9929-4201-8fcd-1d090a885c5b",,,,,,,"selectmenu","[-229, -608]","",,,,,,,"""RESUME""",,,,
"b2c4a19e-4d8b-4d70-a020-712d3d32f103","2016-08-30T05:44:15.244Z","2016-08-30T05:40:20.031Z","fef94d5f-d99a-4212-9f21-87308293fb03","b839bf31-15dc-469b-8661-32378f80aca1",,,,,,,"start","[-229, -608]","",,"""windowsplayer""","""305ed568-aff6-48a0-a5b8-9745afc6c51f""",,,,,,,,
"6860f701-925a-4a4a-8dce-16769f656168","2016-08-30T05:44:24.818Z","2016-08-30T05:40:25.545Z","fef94d5f-d99a-4212-9f21-87308293fb03","b839bf31-15dc-469b-8661-32378f80aca1",,,,,,,"selectmenu","[-229, -608]","",,,,,,,"""RESUME""",,,,
"1bbfeaa9-262a-485f-b7b4-e229e6a36f68","2016-08-30T05:46:50.107Z","2016-08-30T05:42:49.198Z","fef94d5f-d99a-4212-9f21-87308293fb03","b839bf31-15dc-469b-8661-32378f80aca1",,,,,,,"reach","[-108, -630]","tutorial1.Checkpoint01",,,,,,,,,,"null",
"15c92117-6c94-4314-9946-3afddd5e319e","2016-08-30T05:48:29.264Z","2016-08-30T05:44:32.906Z","fef94d5f-d99a-4212-9f21-87308293fb03","b839bf31-15dc-469b-8661-32378f80aca1",,,,,,,"death","[-293, -422]","tutorial1.Checkpoint01",,,,,,,,,,"null",
